,,,,,,,,Shooting %,Shooting %,Shooting %,Shooting %,Shooting %,Shooting %,Shooting %,Shooting %,League-Adjusted,League-Adjusted,League-Adjusted,League-Adjusted,League-Adjusted,League-Adjusted,League-Adjusted,League-Adjusted,Added,Added,,-additional
Rk,Player,Age,Team,Pos,G,GS,MP,FG%,2P%,3P%,eFG%,FT%,TS%,FTr,3PAr,FG+,2P+,3P+,eFG+,FT+,TS+,FTr+,3PAr+,FG Add,TS Add,Awards,-9999
1,Amen Thompson,23,HOU,PG,65,65,2411,.520,.562,.221,.534,.767,.581,.372,.122,111,103,62,98,98,100,140,29,-16.0,3.9,,thompam01
2,Kevin Durant,37,HOU,SF,64,64,2335,.514,.567,.402,.579,.886,.633,.332,.319,110,104,112,106,113,109,125,77,80.4,140.1,AS,duranke01
3,Tyrese Maxey,25,PHI,PG,61,61,2334,.461,.521,.373,.537,.893,.589,.279,.406,98,95,104,99,114,102,105,98,-17.6,28.4,AS,maxeyty01
4,Toumani Camara,25,POR,PF,69,69,2304,.425,.576,.348,.541,.675,.555,.159,.661,91,105,97,100,86,96,60,159,-3.9,-38.0,,camarto01
5,Mikal Bridges,29,NYK,SF,69,69,2302,.488,.575,.373,.568,.821,.584,.100,.431,104,105,104,105,105,101,38,104,42.3,7.6,,bridgmi01
6,Desmond Bane,27,ORL,SG,67,67,2294,.489,.542,.387,.556,.923,.608,.270,.346,104,99,108,102,118,105,102,83,25.3,65.2,,banede01
7,Julius Randle,31,MIN,PF,68,68,2249,.482,.554,.310,.528,.819,.588,.399,.295,103,101,87,97,105,101,151,71,-31.7,21.0,,randlju01
8,Jalen Brunson,29,NYK,PG,64,64,2231,.464,.515,.376,.533,.845,.581,.292,.367,99,94,105,98,108,100,110,88,-27.0,5.8,AS,brunsja01
9,Scottie Barnes,24,TOR,PF,65,65,2230,.498,.550,.297,.529,.836,.573,.263,.205,106,100,83,97,107,99,99,49,-27.1,-14.4,AS,barnesc01
10,Derrick White,31,BOS,SG,65,65,2228,.395,.483,.330,.490,.903,.531,.188,.577,84,88,92,90,115,92,71,139,-105.5,-103.9,,whitede01
11,Brandon Ingram,28,TOR,SF,65,65,2222,.470,.507,.377,.523,.818,.566,.269,.281,100,93,105,96,104,98,102,68,-45.4,-33.4,AS,ingrabr01
12,Jamal Murray,28,DEN,PG,63,63,2205,.479,.515,.424,.564,.880,.613,.289,.399,102,94,118,104,112,106,109,96,46.9,86.7,AS,murraja01
13,Jabari Smith Jr.,22,HOU,PF,63,63,2199,.455,.543,.363,.544,.782,.573,.212,.488,97,99,101,100,100,99,80,118,0.7,-10.8,,smithja05
14,DeMar DeRozan,36,SAC,PF,68,68,2167,.498,.529,.321,.522,.866,.597,.442,.149,106,97,90,96,111,103,167,36,-38.7,37.8,,derozde01
15,Nickeil Alexander-Walker,27,ATL,SG,65,58,2165,.444,.508,.386,.546,.896,.592,.249,.528,95,93,108,100,114,102,94,127,5.0,28.7,,alexani01
16,Payton Pritchard,28,BOS,PG,66,49,2153,.456,.559,.360,.549,.871,.572,.127,.516,97,102,100,101,111,99,48,124,10.2,-13.8,,pritcpa01
17,Jalen Johnson,24,ATL,SF,61,61,2150,.495,.547,.351,.542,.782,.585,.323,.266,106,100,98,100,100,101,122,64,-2.7,13.5,AS,johnsja05
18,Kon Knueppel,20,CHO,SF,67,66,2141,.488,.563,.438,.619,.873,.652,.218,.597,104,103,122,114,111,112,82,144,136.9,143.0,,knuepko01
19,VJ Edgecombe,20,PHI,SG,61,61,2136,.425,.482,.348,.499,.821,.531,.185,.423,91,88,97,92,105,92,70,102,-72.6,-84.7,,edgecvj01
20,Dyson Daniels,22,ATL,SG,64,64,2132,.509,.573,.129,.518,.606,.530,.160,.143,109,105,36,95,77,91,60,34,-32.3,-69.4,,daniedy01
21,Trey Murphy III,25,NOP,SF,60,60,2122,.474,.573,.386,.576,.882,.616,.236,.530,101,105,108,106,113,106,89,128,62.5,77.3,,murphtr02
22,Donte DiVincenzo,29,MIN,SG,68,68,2101,.419,.515,.389,.568,.761,.584,.134,.763,89,94,109,104,97,101,51,184,33.5,6.9,,divindo01
23,Ryan Rollins,23,MIL,PG,65,58,2101,.471,.516,.412,.561,.775,.580,.146,.438,100,94,115,103,99,100,55,105,30.7,1.0,,rolliry01
24,Cade Cunningham,24,DET,PG,60,60,2090,.461,.511,.347,.514,.813,.566,.330,.308,98,93,97,95,104,98,124,74,-66.5,-35.1,AS,cunnica01
25,Jaden McDaniels,25,MIN,PF,66,66,2089,.519,.565,.418,.585,.851,.620,.230,.314,111,103,117,108,109,107,87,76,58.3,62.4,,mcdanja02
26,Immanuel Quickley,26,TOR,PG,64,64,2088,.444,.521,.375,.543,.820,.580,.240,.524,95,95,105,100,105,100,90,126,-1.0,0.5,,quickim01
27,Jaylen Brown,29,BOS,SF,61,61,2080,.479,.527,.343,.524,.792,.572,.336,.263,102,96,96,96,101,99,127,63,-51.2,-21.8,AS,brownja02
28,Anthony Edwards,24,MIN,SG,58,58,2061,.492,.556,.402,.576,.796,.621,.359,.418,105,102,112,106,102,107,136,101,78.1,114.2,AS,edwaran01
29,Rudy Gobert,33,MIN,C,65,65,2042,.706,.713,.000,.706,.517,.679,.681,.010,151,130,0,130,66,117,257,2,129.6,102.5,,goberru01
30,James Harden,36,2TM,PG,58,58,2027,.431,.499,.364,.523,.886,.606,.471,.508,92,91,102,96,113,105,178,122,-38.2,61.0,,hardeja01
30,James Harden,36,LAC,PG,44,44,1559,.419,.492,.347,.506,.901,.598,.485,.505,89,90,97,93,115,103,183,122,-56.7,33.7,,hardeja01
30,James Harden,36,CLE,PG,14,14,468,.480,.529,.436,.595,.808,.644,.408,.525,102,97,122,110,103,111,154,126,18.5,27.3,,hardeja01
31,Donovan Mitchell,29,CLE,SG,60,60,2009,.481,.578,.365,.564,.857,.611,.297,.454,103,106,102,104,109,106,112,109,51.1,88.3,AS,mitchdo01
32,Miles Bridges,27,CHO,PF,63,63,2002,.446,.537,.330,.519,.836,.561,.246,.442,95,98,92,95,107,97,93,106,-44.1,-37.3,,bridgmi02
33,Luka Dončić,26,LAL,PG,56,56,2001,.474,.574,.364,.561,.774,.613,.450,.474,101,105,102,103,99,106,170,114,43.7,101.8,AS,doncilu01
34,Karl-Anthony Towns,30,NYK,C,64,64,1999,.494,.550,.368,.550,.853,.614,.409,.308,105,100,103,101,109,106,154,74,12.6,72.5,AS,townska01
35,Paolo Banchero,23,ORL,PF,57,57,1993,.461,.508,.310,.498,.773,.567,.506,.237,98,93,87,92,99,98,191,57,-83.0,-27.8,,banchpa01
36,Royce O'Neale,32,PHO,SF,68,63,1978,.415,.480,.401,.581,.700,.586,.053,.826,88,88,112,107,89,101,20,199,42.2,7.0,,onealro01
37,Onyeka Okongwu,25,ATL,C,62,51,1946,.485,.566,.382,.569,.763,.596,.226,.441,103,103,107,105,97,103,85,106,38.2,26.7,,okongon01
38,Naji Marshall,28,DAL,SF,66,39,1945,.526,.604,.306,.566,.763,.609,.380,.262,112,110,86,104,97,105,143,63,32.5,49.3,,marshna01
39,Matas Buzelis,21,CHI,PF,67,67,1940,.469,.579,.361,.560,.785,.593,.250,.505,100,106,101,103,100,102,94,122,27.9,24.9,,buzelma01
40,Alperen Şengün,23,HOU,C,58,58,1938,.503,.532,.279,.519,.686,.554,.347,.114,107,97,78,96,88,96,131,27,-44.3,-54.8,AS,sengual01
41,Collin Gillespie,26,PHO,PG,67,48,1927,.428,.448,.418,.569,.855,.587,.107,.675,91,82,117,105,109,101,40,162,36.3,10.9,,gilleco01
42,Saddiq Bey,26,NOP,SF,62,54,1916,.448,.529,.339,.520,.843,.574,.320,.427,96,97,95,96,108,99,121,103,-37.5,-9.7,,beysa01
43,Brandin Podziemski,22,GSW,SG,68,29,1914,.447,.517,.369,.534,.756,.566,.244,.470,95,94,103,98,96,98,92,113,-12.9,-21.6,,podzibr01
44,Cooper Flagg,19,DAL,SF,57,57,1912,.471,.519,.291,.502,.804,.546,.277,.209,100,95,81,92,103,94,105,50,-78.2,-69.7,,flaggco01
45,Bam Adebayo,28,MIA,C,60,60,1911,.444,.506,.323,.498,.774,.551,.361,.339,95,92,90,92,99,95,136,82,-84.5,-63.2,,adebaba01
46,Wendell Carter Jr.,26,ORL,C,64,64,1896,.509,.617,.328,.570,.788,.613,.346,.372,109,113,92,105,101,106,131,90,29.0,41.6,,cartewe01
47,Julian Champagnie,24,SAS,SF,68,54,1892,.432,.586,.382,.576,.835,.608,.213,.753,92,107,107,106,107,105,81,181,36.9,35.1,,champju02
48,Max Christie,22,DAL,SG,64,55,1887,.452,.516,.410,.576,.882,.607,.178,.603,96,94,115,106,113,105,67,145,40.4,36.5,,chrisma02
49,Shai Gilgeous-Alexander,27,OKC,PG,56,56,1881,.549,.598,.385,.593,.894,.665,.462,.228,117,109,108,109,114,115,174,55,110.4,226.2,AS,gilgesh01
50,CJ McCollum,34,2TM,PG,63,47,1880,.447,.508,.372,.530,.780,.561,.216,.449,95,93,104,98,100,97,81,108,-24.3,-37.7,,mccolcj01
50,CJ McCollum,34,WAS,SG,35,35,1082,.454,.505,.393,.544,.804,.573,.193,.461,97,92,110,100,103,99,73,111,1.2,-7.1,,mccolcj01
50,CJ McCollum,34,ATL,PG,28,12,798,.438,.510,.344,.513,.757,.547,.244,.434,93,93,96,94,97,94,92,104,-25.5,-30.6,,mccolcj01
51,Kris Dunn,31,LAC,PG,68,62,1870,.487,.574,.376,.569,.773,.592,.182,.440,104,105,105,105,99,102,69,106,21.4,11.4,,dunnkr01
52,Quentin Grimes,25,PHI,SG,62,15,1862,.447,.583,.328,.535,.841,.588,.333,.534,95,106,92,98,107,102,126,129,-10.8,12.5,,grimequ01
53,De'Aaron Fox,28,SAS,PG,59,59,1862,.490,.581,.340,.554,.757,.584,.247,.379,104,106,95,102,97,101,93,91,18.9,8.9,AS,foxde01
54,Pascal Siakam,31,IND,PF,55,55,1844,.484,.527,.362,.531,.682,.563,.336,.260,103,96,101,98,87,97,127,63,-24.3,-39.1,AS,siakapa01
55,Anthony Black,22,ORL,PG,60,40,1841,.451,.521,.339,.516,.730,.552,.292,.385,96,95,95,95,93,95,110,93,-39.7,-45.7,,blackan01
56,Bub Carrington,20,WAS,PG,67,33,1828,.404,.429,.385,.515,.736,.535,.153,.577,86,78,108,95,94,92,58,139,-32.1,-53.5,,carrica01
57,A.J. Green,26,MIL,SG,63,59,1828,.420,.511,.410,.604,.810,.616,.088,.902,89,93,114,111,103,106,33,217,58.5,36.4,,greenaj01
58,OG Anunoby,28,NYK,PF,55,55,1822,.483,.582,.374,.572,.812,.611,.286,.477,103,106,105,105,104,105,108,115,38.3,47.5,,anunoog01
59,Tim Hardaway Jr.,33,DEN,SG,67,5,1820,.457,.564,.410,.599,.811,.632,.256,.694,97,103,114,110,103,109,96,167,73.8,76.7,,hardati02
60,Nikola Jokić,30,DEN,C,52,52,1811,.573,.642,.388,.625,.837,.679,.443,.273,122,117,108,115,107,117,167,66,150.6,217.2,AS,jokicni01
61,Jaime Jaquez Jr.,24,MIA,SF,63,1,1810,.499,.546,.281,.524,.764,.560,.261,.177,106,100,79,96,98,97,98,43,-29.0,-33.8,,jaqueja01
62,Russell Westbrook,37,SAC,SF,62,56,1801,.428,.499,.341,.504,.706,.530,.215,.450,91,91,95,93,90,91,81,108,-64.2,-89.1,,westbru01
63,Duncan Robinson,31,DET,SF,65,65,1794,.444,.597,.400,.600,.763,.617,.159,.780,95,109,112,110,97,107,60,188,66.3,47.4,,robindu01
64,Keyonte George,22,UTA,PG,54,54,1786,.456,.515,.371,.532,.892,.609,.429,.410,97,94,104,98,114,105,162,99,-19.2,61.2,,georgke01
65,Cason Wallace,22,OKC,SG,65,54,1775,.424,.506,.339,.507,.793,.526,.114,.487,90,92,95,93,101,91,43,117,-37.0,-57.5,,wallaca01
66,Deni Avdija,25,POR,SF,53,53,1771,.460,.542,.328,.523,.803,.600,.562,.384,98,99,92,96,103,104,212,92,-34.6,44.1,AS,avdijde01
67,Andrew Wiggins,30,MIA,SF,57,57,1765,.474,.523,.399,.553,.788,.579,.190,.393,101,95,112,102,101,100,72,95,13.6,-0.5,,wiggian01
68,Naz Reid,26,MIN,C,67,2,1752,.469,.575,.373,.567,.712,.581,.139,.527,100,105,104,104,91,100,53,127,35.4,2.2,,reidna01
69,Donovan Clingan,21,POR,C,64,64,1749,.523,.630,.328,.581,.672,.604,.324,.357,111,115,92,107,86,104,122,86,42.0,31.0,,clingdo01
70,Reed Sheppard,21,HOU,SG,67,10,1741,.429,.489,.387,.543,.797,.559,.103,.591,91,89,108,100,102,96,39,142,-0.6,-33.7,,sheppre01
71,Nic Claxton,26,BRK,C,61,60,1741,.574,.587,.176,.576,.606,.594,.413,.033,122,107,49,106,77,102,156,8,34.7,17.7,,claxtni01
72,Devin Booker,29,PHO,SG,52,52,1740,.456,.514,.327,.507,.871,.583,.428,.312,97,94,91,93,111,101,161,75,-70.3,8.8,AS,bookede01
73,Nikola Vučević,35,2TM,C,60,49,1740,.496,.557,.373,.558,.835,.577,.118,.331,106,102,104,103,107,100,45,80,22.4,-3.9,,vucevni01
73,Nikola Vučević,35,CHI,C,48,48,1480,.505,.568,.376,.567,.838,.585,.112,.330,108,104,105,104,107,101,42,80,30.9,7.3,,vucevni01
73,Nikola Vučević,35,BOS,C,12,1,260,.445,.493,.351,.505,.824,.532,.155,.336,95,90,98,93,105,92,58,81,-8.5,-11.2,,vucevni01
74,Stephon Castle,21,SAS,PG,58,57,1737,.468,.534,.311,.514,.735,.569,.471,.296,100,98,87,95,94,98,178,71,-41.0,-17.4,,castlst01
75,Jeremiah Fears,19,NOP,PG,69,44,1732,.426,.463,.339,.476,.790,.514,.226,.294,91,85,95,88,101,89,85,71,-107.4,-114.8,,fearsje01
76,Jaylen Wells,22,MEM,SG,65,65,1731,.433,.516,.356,.525,.789,.562,.248,.519,92,94,100,97,101,97,93,125,-24.0,-26.2,,wellsja01
77,Myles Turner,29,MIL,C,63,63,1730,.441,.521,.386,.556,.752,.587,.268,.593,94,95,108,102,96,101,101,143,14.4,9.9,,turnemy01
78,Evan Mobley,24,CLE,PF,53,51,1716,.527,.611,.308,.570,.613,.586,.345,.277,112,112,86,105,78,101,130,67,37.1,11.1,,mobleev01
79,Kawhi Leonard,34,LAC,SF,53,53,1713,.501,.567,.378,.567,.897,.627,.345,.348,107,104,106,104,114,108,130,84,50.1,113.2,AS,leonaka01
80,Jake LaRavia,24,LAL,PF,68,33,1704,.457,.583,.316,.532,.764,.572,.308,.473,97,107,88,98,98,99,116,114,-10.4,-7.7,,laravja01
81,Chet Holmgren,23,OKC,PF,58,58,1704,.554,.646,.352,.609,.789,.648,.354,.313,118,118,98,112,101,112,133,75,88.0,105.6,AS,holmgch01
82,Jarace Walker,22,IND,PF,67,32,1700,.411,.458,.360,.498,.756,.535,.259,.487,88,84,101,92,97,92,98,117,-56.8,-62.3,,walkeja02
83,Derik Queen,21,NOP,C,68,45,1696,.481,.506,.279,.497,.790,.551,.356,.111,103,92,78,91,101,95,134,27,-57.2,-40.5,,queende01
84,Devin Vassell,25,SAS,SG,55,53,1692,.438,.505,.386,.547,.816,.575,.180,.569,93,92,108,101,104,99,68,137,5.2,-5.8,,vassede01
85,Jaylon Tyson,23,CLE,SG,62,39,1691,.497,.529,.457,.600,.758,.617,.160,.452,106,97,128,110,97,106,60,109,70.3,49.9,,tysonja01
86,Michael Porter Jr.,27,BRK,SF,52,52,1689,.463,.567,.363,.555,.859,.595,.237,.506,99,103,101,102,110,103,89,122,23.1,32.9,,portemi01
87,Noah Clowney,21,BRK,PF,61,55,1688,.398,.502,.335,.503,.807,.559,.356,.626,85,92,94,92,103,96,134,151,-48.6,-28.9,,clownno01
88,Bruce Brown,29,DEN,SG,68,2,1687,.464,.498,.371,.514,.757,.547,.242,.273,99,91,104,95,97,94,91,66,-24.8,-30.1,,brownbr01
89,Harrison Barnes,33,SAS,PF,63,49,1678,.442,.551,.376,.559,.849,.594,.216,.623,94,101,105,103,108,103,81,150,15.5,15.9,,barneha02
90,Kyle Kuzma,30,MIL,PF,62,37,1655,.492,.562,.357,.553,.721,.581,.275,.340,105,103,100,102,92,100,104,82,11.8,2.8,,kuzmaky01
91,Josh Hart,30,NYK,SF,55,41,1652,.495,.574,.380,.573,.706,.592,.204,.409,106,105,106,105,90,102,77,99,29.6,13.3,,hartjo01
92,Marcus Smart,31,LAL,SG,57,50,1632,.404,.503,.342,.509,.807,.550,.254,.614,86,92,95,94,103,95,96,148,-30.8,-29.4,,smartma01
93,Rui Hachimura,27,LAL,PF,56,35,1630,.503,.563,.432,.603,.759,.614,.109,.461,107,103,121,111,97,106,41,111,59.0,36.4,,hachiru01
94,Andrew Nembhard,26,IND,PG,52,52,1621,.440,.489,.363,.511,.817,.560,.306,.387,94,89,101,94,104,97,115,93,-45.3,-30.4,,nembhan01
95,Deandre Ayton,27,LAL,C,59,59,1619,.667,.667,,.667,.620,.671,.215,.000,142,122,,123,79,116,81,0,124.6,100.1,,aytonde01
96,Neemias Queta,26,BOS,C,64,63,1609,.638,.647,.000,.638,.691,.658,.357,.014,136,118,0,117,88,114,135,3,78.9,75.7,,quetane01
97,Davion Mitchell,27,MIA,PG,57,57,1609,.482,.526,.418,.567,.684,.579,.136,.406,103,96,117,104,87,100,51,98,19.7,-0.7,,mitchda01
98,Sam Hauser,28,BOS,PF,65,37,1604,.408,.532,.386,.572,.929,.578,.027,.850,87,97,108,105,119,100,10,205,29.7,-1.5,,hausesa01
99,LaMelo Ball,24,CHO,PG,58,55,1600,.400,.447,.365,.504,.898,.534,.138,.571,85,82,102,93,115,92,52,137,-77.7,-96.3,,ballla01
100,Luguentz Dort,26,OKC,SF,57,57,1594,.376,.481,.332,.493,.741,.511,.119,.706,80,88,93,91,95,88,45,170,-45.1,-65.4,,dortlu01
101,Keldon Johnson,26,SAS,SF,68,0,1581,.529,.606,.377,.592,.789,.622,.242,.338,113,111,105,109,101,107,91,81,61.7,58.6,,johnske04
102,Jalen Duren,22,DET,C,57,57,1581,.639,.639,,.639,.722,.672,.502,.000,136,117,,118,92,116,190,0,124.7,146.7,AS,durenja01
103,Jerami Grant,31,POR,PF,53,34,1578,.452,.506,.393,.545,.814,.608,.451,.473,96,92,110,100,104,105,170,114,2.2,46.0,,grantje01
104,Ace Bailey,19,UTA,SF,59,48,1577,.445,.519,.349,.520,.742,.533,.094,.430,95,95,97,96,95,92,35,104,-30.1,-63.6,,baileac01
105,Sion James,23,CHO,SG,68,19,1570,.371,.386,.362,.483,.839,.540,.311,.619,79,70,101,89,107,93,117,149,-35.9,-27.0,,jamessi01
106,LeBron James,41,LAL,SF,47,47,1563,.506,.583,.311,.550,.742,.587,.329,.282,108,106,87,101,95,101,124,68,9.9,12.8,AS,jamesle01
107,Victor Wembanyama,22,SAS,C,53,44,1558,.506,.579,.361,.566,.810,.622,.429,.334,108,106,101,104,103,107,162,81,39.7,88.5,AS,wembavi01
108,Ayo Dosunmu,26,2TM,SG,59,10,1554,.519,.567,.443,.605,.857,.634,.195,.389,111,104,124,111,109,109,74,94,75.3,72.5,,dosunay01
108,Ayo Dosunmu,26,CHI,SG,45,10,1187,.514,.556,.451,.604,.857,.636,.216,.397,110,102,126,111,109,110,82,96,58.9,60.2,,dosunay01
108,Ayo Dosunmu,26,MIN,SG,14,0,367,.537,.608,.409,.610,.857,.627,.114,.358,114,111,114,112,109,108,43,86,16.4,12.3,,dosunay01
109,Moussa Diabaté,24,CHO,C,60,34,1547,.620,.621,.500,.622,.669,.646,.490,.006,132,113,140,114,85,112,185,2,48.3,50.0,,diabamo01
110,John Collins,28,LAC,PF,56,46,1544,.557,.627,.419,.628,.780,.651,.231,.336,119,115,117,116,100,112,87,81,89.9,84.5,,collijo01
111,Bobby Portis,30,MIL,PF,64,9,1543,.494,.514,.463,.586,.714,.595,.089,.400,105,94,129,108,91,103,34,96,60.8,22.5,,portibo01
112,Zion Williamson,25,NOP,PF,52,45,1542,.593,.595,.250,.594,.713,.637,.563,.006,126,109,70,109,91,110,212,1,71.0,100.5,,willizi01
113,Brandon Miller,23,CHO,SF,51,51,1542,.428,.477,.378,.521,.892,.565,.222,.492,91,87,105,96,114,97,84,119,-37.6,-27.3,,millebr02
114,P.J. Washington,27,DAL,PF,50,47,1542,.443,.508,.322,.499,.677,.529,.277,.347,95,93,90,92,86,91,105,84,-52.1,-67.6,,washipj01
115,Nique Clifford,23,SAC,SG,65,19,1537,.407,.465,.319,.470,.697,.492,.161,.398,87,85,89,87,89,85,61,96,-68.8,-88.8,,cliffni01
116,Maxime Raynaud,22,SAC,C,61,43,1532,.568,.602,.234,.579,.782,.605,.216,.092,121,110,65,107,100,104,82,22,36.0,29.0,,raynama01
117,Dillon Brooks,30,PHO,SF,50,50,1530,.440,.502,.343,.507,.856,.547,.216,.392,94,92,96,93,109,94,81,94,-63.4,-61.4,,brookdi01
118,Cam Spencer,25,MEM,SG,64,17,1526,.479,.529,.444,.609,.936,.654,.248,.584,102,97,124,112,119,113,93,141,66.3,83.0,,spencca01
119,Kyle Filipowski,22,UTA,C,66,30,1510,.495,.571,.345,.553,.747,.593,.350,.336,106,104,96,102,95,102,132,81,10.0,15.3,,filipky01
120,Moses Moody,23,GSW,SG,59,48,1506,.441,.526,.402,.578,.771,.603,.203,.682,94,96,112,106,98,104,77,164,37.5,27.0,,moodymo01
121,Tristan Da Silva,24,ORL,SF,62,25,1505,.446,.513,.387,.548,.873,.569,.111,.527,95,94,108,101,111,98,42,127,5.2,-10.8,,dasiltr01
122,Peyton Watson,23,DEN,SF,49,39,1502,.496,.537,.417,.567,.727,.600,.331,.338,106,98,116,104,93,103,125,81,25.0,24.7,,watsope01
123,Norman Powell,32,MIA,SG,50,49,1501,.473,.544,.388,.561,.830,.613,.358,.456,101,99,108,103,106,106,135,110,28.5,61.9,AS,powelno01
124,Draymond Green,35,GSW,PF,55,55,1492,.415,.558,.328,.517,.698,.535,.154,.624,88,102,92,95,89,92,58,150,-21.5,-39.3,,greendr01
125,Isaiah Collier,21,UTA,PG,58,18,1489,.496,.549,.276,.523,.718,.567,.399,.194,106,100,77,96,92,98,151,47,-20.8,-15.5,,colliis01
126,Ausar Thompson,23,DET,SF,58,57,1484,.517,.529,.273,.523,.571,.540,.347,.047,110,97,76,96,73,93,131,11,-18.7,-42.9,,thompau01
127,Isaac Okoro,25,CHI,SG,55,55,1480,.449,.563,.326,.528,.796,.565,.247,.480,96,103,91,97,102,97,93,116,-12.3,-12.9,,okorois01
128,Jamal Shead,23,TOR,PG,67,7,1475,.367,.416,.323,.452,.768,.490,.228,.528,78,76,90,83,98,85,86,127,-76.1,-81.7,,sheadja01
129,Josh Giddey,23,CHI,PG,46,43,1470,.459,.504,.387,.533,.762,.575,.329,.380,98,92,108,98,97,99,124,91,-13.3,-6.7,,giddejo01
130,Brice Sensabaugh,22,UTA,SF,65,14,1459,.449,.558,.354,.544,.831,.581,.233,.535,96,102,99,100,106,100,88,129,0.6,2.3,,sensabr01
131,Pelle Larsson,24,MIA,SG,57,44,1455,.492,.582,.331,.551,.796,.602,.382,.359,105,106,93,102,102,104,144,87,7.2,23.4,,larsspe01
132,Jaren Jackson Jr.,26,2TM,C,48,48,1454,.476,.533,.357,.534,.803,.576,.282,.327,101,97,100,98,102,99,107,79,-13.2,-5.9,,jacksja02
132,Jaren Jackson Jr.,26,MEM,C,45,45,1382,.475,.531,.359,.534,.797,.574,.279,.328,101,97,100,98,102,99,105,79,-13.0,-7.9,,jacksja02
132,Jaren Jackson Jr.,26,UTA,C,3,3,72,.490,.559,.333,.541,.875,.598,.327,.306,104,102,93,100,112,103,123,74,-0.2,2.0,,jacksja02
133,Dennis Schröder,32,2TM,PG,57,16,1448,.404,.444,.338,.468,.827,.525,.312,.374,86,81,94,86,106,91,118,90,-83.9,-69.3,,schrode01
133,Dennis Schröder,32,SAC,PG,40,14,1056,.408,.449,.343,.475,.820,.531,.315,.393,87,82,96,87,105,92,119,95,-57.5,-46.9,,schrode01
133,Dennis Schröder,32,CLE,PG,17,2,392,.394,.429,.317,.443,.850,.505,.303,.311,84,78,89,82,109,87,114,75,-26.4,-22.4,,schrode01
134,Oso Ighodaro,23,PHO,PF,68,14,1443,.642,.644,.000,.642,.467,.628,.319,.004,137,118,0,118,60,108,120,1,55.6,31.3,,ighodos01
135,Lauri Markkanen,28,UTA,PF,42,42,1443,.477,.559,.355,.548,.896,.608,.333,.402,102,102,99,101,114,105,126,97,8.3,53.3,,markkla01
136,Shaedon Sharpe,22,POR,SG,48,42,1439,.456,.518,.340,.515,.784,.550,.229,.351,97,95,95,95,100,95,86,84,-47.3,-55.6,,sharpsh01
137,Austin Reaves,27,LAL,SG,42,36,1435,.496,.591,.369,.575,.874,.647,.471,.427,106,108,103,106,112,112,178,103,40.5,104.1,,reaveau01
138,Kel'el Ware,21,MIA,C,63,31,1431,.531,.606,.386,.597,.765,.614,.156,.338,113,111,108,110,98,106,59,81,57.9,40.2,,wareke01
139,Sandro Mamukelashvili,26,TOR,C,65,12,1423,.515,.646,.367,.601,.754,.626,.242,.469,110,118,103,111,96,108,91,113,58.3,51.5,,mamuksa01
140,Tobias Harris,33,DET,PF,50,50,1414,.460,.522,.346,.521,.880,.566,.235,.354,98,95,97,96,112,98,89,85,-24.0,-16.2,,harrito02
141,Jay Huff,27,IND,C,68,41,1406,.470,.730,.314,.568,.826,.594,.171,.625,100,133,88,105,105,103,64,151,25.4,16.0,,huffja01
142,Jarrett Allen,27,CLE,C,51,51,1405,.636,.648,.100,.637,.725,.670,.476,.021,136,118,28,117,93,116,180,5,90.4,104.7,,allenja01
143,Terance Mann,29,BRK,SG,57,47,1397,.462,.530,.362,.535,.803,.569,.224,.406,98,97,101,99,102,98,84,98,-5.4,-7.8,,mannte01
144,Ivica Zubac,28,2TM,C,46,45,1397,.608,.608,,.608,.706,.631,.300,.000,130,111,,112,90,109,113,0,58.7,52.5,,zubaciv01
144,Ivica Zubac,28,LAC,C,43,42,1328,.613,.613,,.613,.705,.635,.308,.000,131,112,,113,90,110,116,0,59.9,54.5,,zubaciv01
144,Ivica Zubac,28,IND,C,3,3,69,.520,.520,,.520,.750,.542,.160,.000,111,95,,96,96,94,60,0,-1.2,-2.0,,zubaciv01
145,Kyshawn George,22,WAS,SF,48,48,1391,.438,.486,.381,.524,.802,.559,.227,.451,94,89,106,97,102,97,86,109,-21.9,-25.5,,georgky01
146,Precious Achiuwa,26,SAC,C,61,45,1388,.535,.577,.329,.563,.571,.570,.201,.168,114,105,92,104,73,98,76,40,17.9,-9.3,,achiupr01
147,Dominick Barlow,22,PHI,PF,57,50,1388,.538,.612,.276,.568,.712,.598,.323,.221,115,112,77,105,91,103,122,53,17.2,14.7,,barlodo01
148,Vít Krejčí,25,2TM,PG,64,8,1387,.448,.636,.391,.599,.745,.611,.120,.768,96,116,109,110,95,105,45,185,47.1,28.3,,krejcvi01
148,Vít Krejčí,25,ATL,PG,46,8,1028,.464,.609,.423,.628,.750,.639,.117,.776,99,111,118,116,96,110,44,187,52.3,38.7,,krejcvi01
148,Vít Krejčí,25,POR,PG,18,0,359,.407,.700,.307,.521,.733,.538,.127,.746,87,128,86,96,94,93,48,180,-5.2,-10.4,,krejcvi01
149,Cedric Coward,22,MEM,SG,53,38,1378,.467,.561,.342,.540,.838,.581,.248,.427,100,102,95,99,107,100,94,103,-3.4,1.5,,cowarce01
150,Tre Jones,26,CHI,PG,51,27,1376,.548,.614,.309,.581,.834,.632,.363,.216,117,112,86,107,107,109,137,52,34.1,54.5,,jonestr01
151,Anfernee Simons,26,2TM,SG,55,5,1372,.440,.517,.385,.552,.896,.576,.119,.585,94,94,108,102,114,99,45,141,11.9,-5.3,,simonan01
151,Anfernee Simons,26,BOS,SG,49,0,1202,.440,.502,.395,.555,.889,.579,.127,.579,94,92,110,102,113,100,48,139,12.8,-1.0,,simonan01
151,Anfernee Simons,26,CHI,SG,6,5,170,.438,.633,.320,.538,1.000,.554,.063,.625,93,116,89,99,128,96,24,151,-0.9,-4.3,,simonan01
152,Bennedict Mathurin,23,2TM,SF,44,25,1372,.433,.499,.319,.492,.874,.576,.458,.367,92,91,89,90,112,99,173,88,-61.0,-5.4,,mathube01
152,Bennedict Mathurin,23,IND,SF,28,24,891,.433,.480,.372,.514,.884,.589,.408,.436,92,88,104,95,113,102,154,105,-21.0,7.6,,mathube01
152,Bennedict Mathurin,23,LAC,SF,16,1,481,.433,.520,.183,.457,.863,.557,.537,.260,92,95,51,84,110,96,203,63,-40.0,-13.0,,mathube01
153,Jock Landale,30,2TM,C,61,26,1351,.515,.581,.390,.582,.639,.596,.238,.345,110,106,109,107,82,103,90,83,38.8,18.0,,landajo01
153,Jock Landale,30,MEM,C,45,25,1060,.514,.581,.380,.577,.674,.594,.229,.332,110,106,106,106,86,103,86,80,26.3,12.8,,landajo01
153,Jock Landale,30,ATL,C,16,1,291,.518,.582,.419,.600,.533,.601,.273,.391,111,106,117,110,68,104,103,94,12.5,5.2,,landajo01
154,Luke Kennard,29,2TM,SG,64,1,1342,.544,.632,.483,.687,.917,.707,.137,.590,116,115,135,126,117,122,52,142,100.6,94.7,,kennalu01
154,Luke Kennard,29,ATL,SG,46,0,944,.538,.604,.497,.692,.914,.713,.146,.621,115,110,139,127,117,123,55,150,71.2,68.0,,kennalu01
154,Luke Kennard,29,LAL,SG,18,1,398,.559,.679,.448,.676,.923,.694,.117,.523,119,124,125,124,118,120,44,126,29.4,26.7,,kennalu01
155,Herbert Jones,27,NOP,SF,46,46,1332,.383,.484,.294,.461,.804,.487,.140,.529,82,88,82,85,103,84,53,127,-65.5,-78.0,,joneshe01
156,Kelly Oubre Jr.,30,PHI,SF,41,36,1330,.463,.545,.361,.544,.759,.581,.299,.448,99,100,101,100,97,100,113,108,0.4,1.3,,oubreke01
157,Mark Williams,24,PHO,C,56,52,1322,.633,.633,1.000,.635,.767,.670,.396,.002,135,116,279,117,98,116,149,1,75.3,87.4,,willima07
158,Brandon Williams,26,DAL,PG,60,15,1320,.472,.549,.245,.503,.788,.569,.461,.254,101,100,68,93,101,98,174,61,-45.6,-14.4,,willibr03
159,Grayson Allen,30,PHO,SG,44,26,1312,.407,.521,.354,.528,.859,.572,.250,.684,87,95,99,97,110,99,94,165,-18.5,-9.6,,allengr01
160,Egor Dёmin,19,BRK,PG,52,45,1308,.399,.433,.385,.537,.831,.561,.145,.717,85,79,108,99,106,97,55,173,-5.9,-17.5,,demineg01
161,RJ Barrett,25,TOR,SF,43,43,1301,.493,.574,.346,.554,.704,.586,.335,.353,105,105,97,102,90,101,126,85,13.6,9.1,,barrerj01
162,Tre Johnson,19,WAS,SG,54,36,1300,.425,.481,.369,.517,.867,.545,.144,.503,91,88,103,95,111,94,54,121,-29.9,-42.1,,johnstr03
163,Sidy Cissoko,21,POR,SF,62,24,1296,.405,.537,.317,.500,.675,.528,.261,.598,86,98,89,92,86,91,99,144,-26.5,-35.5,,cissosi01
164,Klay Thompson,35,DAL,SF,59,8,1293,.392,.423,.380,.529,.750,.537,.064,.721,84,77,106,97,96,93,24,174,-18.3,-54.2,,thompkl01
165,Isaiah Joe,26,OKC,SG,59,9,1291,.445,.563,.411,.605,.883,.643,.242,.775,95,103,115,111,113,111,91,187,56.4,64.6,,joeis01
166,Zaccharie Risacher,20,ATL,SF,54,45,1285,.442,.520,.357,.528,.603,.538,.156,.479,94,95,100,97,77,93,59,115,-14.5,-41.6,,risacza01
167,Cameron Johnson,29,DEN,SF,42,42,1283,.457,.509,.410,.564,.846,.604,.253,.524,97,93,114,104,108,104,96,126,14.9,19.5,,johnsca02
168,Ron Holland,20,DET,SF,63,5,1282,.432,.555,.223,.473,.820,.526,.296,.370,92,101,62,87,105,91,112,89,-62.9,-54.2,,hollaro01
169,Jordan Goodwin,27,PHO,PG,58,4,1280,.413,.477,.357,.509,.717,.521,.099,.533,88,87,100,94,92,90,37,128,-32.4,-56.7,,goodwjo01
170,Spencer Jones,24,DEN,SF,56,35,1275,.500,.623,.404,.614,.617,.621,.194,.562,107,114,113,113,79,107,73,135,34.1,21.6,,jonessp01
171,Isaiah Stewart,24,DET,C,55,13,1273,.541,.632,.333,.592,.760,.626,.324,.303,115,115,93,109,97,108,122,73,37.6,40.9,,stewais01
172,Bilal Coulibaly,21,WAS,SG,47,47,1252,.415,.486,.310,.478,.752,.528,.350,.401,89,89,87,88,96,91,132,97,-55.9,-50.7,,coulibi01
173,Brook Lopez,37,LAC,C,61,26,1241,.416,.513,.355,.525,.851,.546,.116,.614,89,94,99,97,109,94,44,148,-15.0,-28.2,,lopezbr01
174,Alex Sarr,20,WAS,C,45,45,1239,.494,.537,.341,.531,.690,.554,.228,.222,105,98,95,98,88,96,86,53,-14.8,-34.3,,sarral01
175,Collin Sexton,27,2TM,SG,54,15,1239,.490,.551,.392,.565,.864,.620,.345,.383,105,101,109,104,110,107,130,92,24.2,51.6,,sextoco01
175,Collin Sexton,27,CHO,SG,42,12,938,.488,.539,.393,.557,.877,.619,.372,.350,104,98,110,102,112,107,140,84,11.2,37.6,,sextoco01
175,Collin Sexton,27,CHI,SG,12,3,301,.496,.597,.388,.590,.811,.625,.266,.482,106,109,108,109,104,108,100,116,13.0,14.0,,sextoco01
176,Kevin Huerter,27,2TM,SF,56,11,1232,.446,.629,.300,.530,.758,.548,.131,.556,95,115,84,97,97,95,49,134,-13.0,-31.8,,huertke01
176,Kevin Huerter,27,CHI,SF,44,11,1037,.455,.630,.314,.542,.732,.559,.139,.552,97,115,88,100,93,96,52,133,-1.0,-17.8,,huertke01
176,Kevin Huerter,27,DET,SG,12,0,195,.391,.621,.225,.457,1.000,.482,.087,.580,83,113,63,84,128,83,33,140,-12.0,-14.0,,huertke01
177,Khris Middleton,34,2TM,SF,51,44,1232,.429,.469,.350,.488,.867,.539,.258,.337,92,86,98,90,111,93,97,81,-51.4,-42.3,,middlkh01
177,Khris Middleton,34,WAS,SF,34,34,827,.433,.483,.333,.488,.841,.531,.230,.330,92,88,93,90,107,92,87,79,-33.0,-31.9,,middlkh01
177,Khris Middleton,34,DAL,SF,17,10,405,.422,.444,.379,.488,.902,.552,.307,.349,90,81,106,90,115,95,116,84,-18.4,-10.4,,middlkh01
178,Kevin Porter Jr.,25,MIL,PG,37,35,1228,.463,.517,.324,.508,.872,.564,.297,.279,99,94,90,94,111,97,112,67,-35.2,-17.8,,porteke02
179,Zach LaVine,30,SAC,SG,39,37,1224,.479,.556,.390,.569,.880,.614,.260,.464,102,102,109,105,112,106,98,112,28.7,41.6,,lavinza01
180,Stephen Curry,37,GSW,PG,39,39,1222,.468,.584,.391,.585,.931,.636,.274,.602,100,107,109,108,119,110,103,145,62.6,94.7,AS,curryst01
181,Dylan Harper,19,SAS,SG,55,0,1219,.487,.559,.292,.526,.733,.552,.205,.268,104,102,82,97,94,95,78,65,-17.2,-30.8,,harpedy01
182,Aaron Wiggins,27,OKC,SG,53,18,1218,.430,.511,.350,.518,.735,.538,.148,.508,92,93,98,95,94,93,56,122,-22.9,-41.0,,wiggiaa01
183,Ajay Mitchell,23,OKC,SG,46,11,1215,.487,.548,.345,.538,.872,.589,.285,.299,104,100,96,99,111,102,107,72,-4.8,10.4,,mitchaj01
184,Javonte Green,32,DET,SG,67,5,1214,.441,.541,.367,.546,.824,.594,.313,.577,94,99,102,101,105,102,118,139,2.1,11.1,,greenja02
185,Ryan Kalkbrenner,24,CHO,C,55,30,1214,.741,.753,.000,.741,.673,.745,.409,.016,158,138,0,136,86,128,154,4,97.6,96.2,,kalkbry01
186,Ben Sheppard,24,IND,SG,56,19,1210,.418,.531,.348,.525,.756,.544,.134,.614,89,97,97,97,96,94,50,148,-12.2,-25.5,,sheppbe01
187,Luke Kornet,30,SAS,C,57,23,1209,.652,.652,,.652,.823,.696,.412,.000,139,119,,120,105,120,155,0,50.8,64.0,,kornelu01
188,Santi Aldama,25,MEM,PF,43,11,1198,.479,.572,.350,.553,.667,.572,.239,.420,102,105,98,102,85,99,90,101,8.8,-7.8,,aldamsa01
189,Cody Williams,21,UTA,SG,54,28,1191,.478,.580,.240,.514,.691,.537,.211,.298,102,106,67,95,88,93,80,72,-18.9,-29.9,,willico04
190,Dean Wade,29,CLE,PF,53,32,1191,.437,.611,.367,.567,.711,.582,.151,.714,93,112,102,104,91,100,57,172,12.2,1.6,,wadede01
191,Josh Okogie,27,HOU,SG,64,29,1185,.435,.478,.400,.546,.576,.556,.227,.558,93,87,112,101,74,96,86,134,1.5,-13.4,,okogijo01
192,Tari Eason,24,HOU,PF,45,31,1185,.421,.458,.378,.508,.690,.519,.096,.458,90,84,106,94,88,90,36,110,-31.0,-55.2,,easonta01
193,Jimmy Butler,36,GSW,SF,38,38,1182,.519,.552,.376,.554,.864,.646,.621,.184,111,101,105,102,110,111,234,44,10.0,78.2,,butleji01
194,Jalen Suggs,24,ORL,PG,44,43,1179,.438,.571,.323,.525,.838,.561,.210,.538,93,104,90,97,107,97,79,130,-18.3,-20.0,,suggsja01
195,De'Andre Hunter,28,2TM,SF,45,25,1176,.415,.522,.305,.490,.867,.545,.285,.491,89,95,85,90,111,94,108,118,-53.3,-38.6,,huntede01
195,De'Andre Hunter,28,CLE,SF,43,23,1125,.423,.535,.308,.499,.869,.553,.284,.492,90,98,86,92,111,95,107,118,-42.7,-28.5,,huntede01
195,De'Andre Hunter,28,SAC,SF,2,2,51,.211,.200,.222,.263,.833,.347,.316,.474,45,37,62,48,106,60,119,114,-10.6,-10.1,,huntede01
196,Gary Trent Jr.,27,MIL,SG,56,17,1175,.378,.455,.350,.507,.791,.525,.113,.735,81,83,98,93,101,91,43,177,-28.0,-43.5,,trentga02
197,Jose Alvarado,27,2TM,PG,58,0,1175,.411,.553,.341,.526,.778,.540,.097,.669,88,101,95,97,99,93,37,161,-13.2,-30.5,,alvarjo01
197,Jose Alvarado,27,NOP,PG,41,0,896,.418,.540,.363,.543,.833,.558,.086,.689,89,99,101,100,106,96,32,166,-0.2,-12.8,,alvarjo01
197,Jose Alvarado,27,NYK,PG,17,0,279,.391,.583,.268,.473,.667,.488,.130,.609,83,107,75,87,85,84,49,147,-13.0,-17.7,,alvarjo01
198,Nicolas Batum,37,LAC,PF,64,5,1168,.398,.444,.396,.588,.818,.595,.052,.957,85,81,111,108,104,103,20,231,18.7,6.8,,batumni01
199,Will Richard,23,GSW,SG,58,19,1165,.463,.661,.333,.564,.843,.590,.166,.606,99,121,93,104,108,102,63,146,12.4,7.2,,richawi02
200,Malik Monk,27,SAC,SG,53,0,1165,.437,.477,.396,.535,.878,.566,.164,.492,93,87,111,98,112,98,62,118,-9.5,-16.2,,monkma01
201,Day'Ron Sharpe,24,BRK,C,62,7,1160,.601,.647,.231,.614,.678,.638,.427,.110,128,118,64,113,87,110,161,26,50.2,49.9,,sharpda01
202,Kobe Sanders,23,LAC,SG,56,16,1157,.455,.506,.403,.554,.811,.580,.169,.490,97,92,112,102,104,100,64,118,6.8,0.0,,sandeko01
203,Aaron Nesmith,26,IND,SF,39,36,1157,.397,.436,.364,.496,.835,.537,.231,.543,85,80,102,91,107,93,87,131,-42.6,-41.4,,nesmiaa01
204,Jrue Holiday,35,POR,PG,40,38,1154,.467,.549,.382,.560,.813,.583,.153,.487,100,100,107,103,104,101,58,117,17.8,4.2,,holidjr01
205,Will Riley,19,WAS,SF,59,8,1150,.433,.500,.335,.501,.788,.545,.286,.404,92,91,94,92,101,94,108,97,-34.7,-31.8,,rileywi01
206,Keon Ellis,26,2TM,SG,59,7,1148,.428,.548,.374,.557,.667,.570,.161,.689,91,100,104,103,85,98,61,166,8.1,-6.0,,elliske01
206,Keon Ellis,26,SAC,SG,43,5,758,.397,.462,.368,.524,.625,.536,.153,.689,85,84,103,96,80,92,58,166,-8.1,-19.5,,elliske01
206,Keon Ellis,26,CLE,SG,16,2,390,.500,.750,.387,.633,.750,.649,.178,.689,107,137,108,117,96,112,67,166,16.2,13.5,,elliske01
207,Ryan Dunn,23,PHO,SF,59,14,1145,.435,.530,.326,.511,.500,.514,.130,.468,93,97,91,94,64,89,49,113,-19.7,-42.4,,dunnry01
208,Justin Champagnie,24,WAS,SF,59,15,1138,.510,.614,.321,.567,.773,.596,.240,.357,109,112,90,104,99,103,90,86,17.2,13.8,,champju01
209,Patrick Williams,24,CHI,PF,58,4,1134,.382,.395,.373,.488,.712,.506,.139,.567,82,72,104,90,91,87,52,137,-41.4,-58.0,,willipa01
210,Danny Wolf,21,BRK,PF,54,12,1128,.406,.484,.323,.484,.781,.525,.252,.483,87,88,90,89,100,91,95,116,-49.0,-50.7,,wolfda01
211,Svi Mykhailiuk,28,UTA,SF,48,41,1123,.478,.619,.403,.609,.893,.623,.083,.652,102,113,112,112,114,108,31,157,44.7,30.8,,mykhasv01
212,Quinten Post,25,GSW,PF,64,34,1120,.439,.620,.333,.544,.805,.559,.096,.631,94,113,93,100,103,97,36,152,1.0,-18.0,,postqu01
213,Walter Clayton,22,2TM,PG,57,3,1115,.387,.491,.290,.462,.912,.520,.255,.521,82,90,81,85,116,90,96,125,-57.9,-47.1,,claytwa01
213,Walter Clayton,22,UTA,PG,45,0,811,.398,.513,.308,.484,.935,.540,.242,.559,85,94,86,89,119,93,91,135,-30.2,-22.3,,claytwa01
213,Walter Clayton,22,MEM,PG,12,3,304,.356,.448,.233,.406,.862,.470,.287,.426,76,82,65,75,110,81,108,103,-27.7,-24.8,,claytwa01
214,Ziaire Williams,24,BRK,SF,48,7,1096,.419,.567,.336,.527,.873,.579,.287,.643,89,104,94,97,111,100,108,155,-11.8,-0.6,,willizi02
215,Dru Smith,28,MIA,SG,64,1,1092,.415,.487,.306,.476,.832,.535,.325,.399,88,89,86,88,106,92,123,96,-41.9,-32.0,,smithdr01
216,Baylor Scheierman,25,BOS,SG,63,17,1091,.455,.642,.385,.596,.889,.608,.073,.728,97,117,108,110,113,105,28,175,25.7,14.7,,scheiba01
217,Kentavious Caldwell-Pope,32,MEM,SG,51,14,1088,.410,.495,.316,.485,.913,.533,.219,.475,87,90,88,89,116,92,82,114,-42.7,-37.0,,caldwke01
218,Sam Merrill,29,CLE,SG,42,30,1086,.470,.564,.445,.646,.840,.663,.132,.794,100,103,124,119,107,114,50,191,78.2,67.2,,merrisa01
219,Jaylin Williams,23,OKC,PF,53,11,1084,.416,.540,.367,.548,.788,.583,.262,.715,89,99,102,101,101,101,99,172,2.6,2.7,,willija07
220,Jusuf Nurkić,31,UTA,C,41,36,1083,.503,.540,.352,.538,.549,.548,.316,.198,107,99,98,99,70,95,119,48,-4.0,-25.5,,nurkiju01
221,Ja'Kobe Walter,21,TOR,SG,57,11,1074,.417,.529,.356,.532,.823,.566,.210,.647,89,97,99,98,105,98,79,156,-6.5,-8.5,,walteja01
222,Gui Santos,23,GSW,PF,57,21,1071,.506,.659,.362,.599,.686,.614,.203,.515,108,120,101,110,88,106,77,124,38.2,25.6,,santogu01
223,Yves Missi,21,NOP,C,56,9,1064,.535,.537,.000,.535,.566,.549,.342,.004,114,98,0,98,72,95,129,1,-4.0,-17.0,,missiyv01
224,Jordan Clarkson,33,NYK,SG,59,1,1058,.442,.529,.338,.519,.802,.548,.181,.455,94,97,94,96,102,95,68,110,-21.8,-30.5,,clarkjo01
225,Kris Murray,25,POR,SF,44,15,1051,.457,.598,.266,.514,.696,.537,.208,.425,97,109,74,95,89,93,79,102,-13.1,-20.6,,murrakr01
226,Jalen Smith,25,CHI,C,50,18,1046,.476,.606,.365,.574,.736,.599,.233,.540,101,111,102,106,94,103,88,130,24.2,16.4,,smithja04
227,Collin Murray-Boyles,20,TOR,PF,47,22,1046,.557,.601,.354,.589,.653,.605,.266,.177,119,110,99,108,83,104,100,43,24.5,15.2,,murraco01
228,Daniel Gafford,27,DAL,C,48,38,1040,.647,.647,,.647,.725,.676,.451,.000,138,118,,119,93,117,170,0,55.0,61.5,,gaffoda01
229,Giannis Antetokounmpo,31,MIL,PF,36,36,1039,.624,.647,.333,.636,.650,.658,.597,.075,133,118,93,117,83,113,225,18,111.2,117.9,AS,antetgi01
230,Joel Embiid,31,PHI,C,33,33,1029,.495,.545,.318,.530,.858,.606,.470,.220,106,99,89,98,110,105,177,53,-15.9,38.8,,embiijo01
231,Craig Porter Jr.,25,CLE,PG,58,2,1024,.444,.490,.361,.509,.556,.516,.154,.355,95,89,101,94,71,89,58,85,-16.3,-31.6,,portecr01
232,Landry Shamet,28,NYK,SG,44,11,1022,.446,.586,.395,.591,.726,.612,.225,.732,95,107,110,109,93,106,85,176,30.9,23.1,,shamela01
233,Christian Braun,24,DEN,SG,32,32,1021,.491,.609,.286,.543,.744,.577,.292,.367,105,111,80,100,95,100,110,88,-0.1,-1.2,,braunch01
234,Marvin Bagley III,26,2TM,PF,51,10,1020,.608,.627,.419,.627,.675,.647,.368,.091,130,114,117,115,86,112,139,22,57.4,53.3,,baglema01
234,Marvin Bagley III,26,WAS,PF,38,8,731,.626,.643,.421,.642,.711,.667,.394,.077,133,117,118,118,91,115,149,19,48.7,50.4,,baglema01
234,Marvin Bagley III,26,DAL,PF,13,2,289,.563,.583,.417,.589,.552,.593,.302,.125,120,107,116,108,70,102,114,30,8.7,2.9,,baglema01
235,Simone Fontecchio,30,MIA,SF,60,5,1012,.396,.476,.361,.522,.844,.560,.218,.699,84,87,101,96,108,97,82,168,-17.7,-17.4,,fontesi01
236,Adem Bona,22,PHI,C,58,10,1010,.582,.587,.400,.588,.693,.623,.497,.028,124,107,112,108,88,108,188,7,15.7,19.0,,bonaad01
237,Jordan Miller,26,LAC,SF,47,0,1003,.530,.603,.337,.576,.785,.628,.447,.275,113,110,94,106,100,108,169,66,19.9,35.1,,millejo02
238,Caleb Love,24,POR,SG,45,1,999,.390,.492,.321,.486,.735,.500,.101,.598,83,90,90,89,94,86,38,144,-56.0,-80.1,,loveca01
239,Coby White,25,2TM,SG,37,26,999,.432,.528,.341,.520,.806,.576,.377,.516,92,96,95,96,103,99,142,124,-22.3,-3.6,,whiteco01
239,Coby White,25,CHI,SG,29,26,843,.438,.541,.346,.529,.805,.586,.392,.529,93,99,97,97,103,101,148,127,-11.0,6.0,,whiteco01
239,Coby White,25,CHO,SG,8,0,156,.405,.478,.316,.476,.808,.529,.310,.452,86,87,88,88,103,91,117,109,-11.3,-9.6,,whiteco01
240,Jordan Walsh,21,BOS,PF,58,20,998,.525,.618,.408,.615,.750,.636,.217,.443,112,113,114,113,96,110,82,107,31.9,27.4,,walshjo01
241,Drake Powell,20,BRK,SG,51,13,995,.414,.552,.287,.489,.905,.540,.241,.521,88,101,80,90,115,93,91,125,-28.6,-22.6,,poweldr01
242,Mouhamed Gueye,23,ATL,PF,65,5,994,.452,.576,.283,.512,.639,.533,.244,.424,96,105,79,94,82,92,92,102,-15.6,-25.9,,gueyemo02
243,Nolan Traoré,19,BRK,PG,45,22,988,.385,.418,.331,.448,.761,.480,.190,.377,82,76,92,82,97,83,72,91,-67.5,-76.3,,traorno01
244,Andre Drummond,32,PHI,C,50,24,987,.479,.533,.324,.521,.627,.542,.281,.255,102,97,90,96,80,93,106,61,-12.1,-22.7,,drumman01
245,Daniss Jenkins,24,DET,PG,57,8,986,.402,.427,.356,.465,.773,.506,.253,.352,86,78,99,86,99,87,96,85,-60.1,-62.4,,jenkida01
246,Jaxson Hayes,25,LAL,C,56,8,986,.746,.744,1.000,.751,.673,.754,.483,.010,159,136,279,138,86,130,182,2,86.9,88.3,,hayesja02
247,Miles McBride,25,NYK,SG,35,14,981,.434,.462,.420,.575,.814,.592,.119,.671,92,84,117,106,104,102,45,162,22.7,9.5,,mcbrimi01
248,Darius Garland,26,2TM,PG,33,31,981,.453,.508,.386,.540,.853,.574,.195,.453,97,93,108,99,109,99,74,109,-3.0,-5.7,,garlada01
248,Darius Garland,26,CLE,PG,26,26,792,.451,.521,.360,.529,.861,.567,.210,.435,96,95,100,97,110,98,79,105,-10.6,-10.2,,garlada01
248,Darius Garland,26,LAC,PG,7,5,189,.459,.453,.464,.578,.813,.599,.147,.514,98,83,130,106,104,103,55,124,7.6,4.5,,garlada01
249,Jarred Vanderbilt,26,LAL,PF,55,3,978,.461,.575,.302,.524,.638,.543,.228,.417,98,105,84,97,81,94,86,101,-7.8,-16.7,,vandeja01
250,Derrick Jones Jr.,28,LAC,SF,36,31,976,.507,.612,.366,.585,.760,.614,.260,.427,108,112,102,108,97,106,98,103,24.1,22.0,,jonesde02
251,Mitchell Robinson,27,NYK,C,50,15,974,.706,.706,,.706,.395,.657,.528,.000,150,129,,130,50,113,199,0,52.9,31.2,,robinmi01
252,Hugo González,19,BOS,SF,63,3,970,.473,.593,.337,.552,.500,.553,.117,.468,101,108,94,102,64,95,44,113,3.8,-12.6,,gonzahu01
253,Gradey Dick,22,TOR,SG,63,1,949,.419,.540,.301,.495,.873,.543,.242,.508,89,99,84,91,111,94,91,122,-31.3,-26.3,,dickgr01
254,Isaiah Hartenstein,27,OKC,C,37,36,935,.629,.645,.000,.629,.609,.638,.371,.024,134,118,0,116,78,110,140,6,42.5,33.7,,harteis01
255,Al Horford,39,GSW,C,43,12,933,.424,.535,.360,.539,.846,.554,.084,.633,91,98,101,99,108,96,32,153,-2.9,-16.7,,horfoal01
256,GG Jackson II,21,MEM,PF,45,18,926,.497,.599,.333,.561,.708,.587,.276,.383,106,109,93,103,90,101,104,92,13.8,6.9,,jacksgg01
257,Jericho Sims,27,MIL,C,52,10,923,.835,.835,,.835,.618,.819,.296,.000,178,152,,154,79,141,112,0,67.0,62.4,,simsje01
258,Corey Kispert,26,2TM,SF,47,9,920,.467,.619,.362,.574,.840,.611,.245,.594,100,113,101,106,107,105,93,143,20.4,23.2,,kispeco01
258,Corey Kispert,26,WAS,SF,19,2,370,.496,.674,.395,.622,.765,.649,.286,.639,106,123,110,114,98,112,108,154,18.7,18.7,,kispeco01
258,Corey Kispert,26,ATL,SF,28,7,550,.450,.593,.342,.547,.894,.589,.223,.569,96,108,95,101,114,102,84,137,1.7,4.5,,kispeco01
259,Jared McCain,21,2TM,SG,53,1,917,.415,.429,.402,.523,.894,.549,.127,.539,88,78,112,96,114,95,48,130,-14.9,-23.7,,mccaija01
259,Jared McCain,21,PHI,SG,37,1,620,.385,.393,.378,.483,.880,.506,.108,.515,82,72,106,89,112,87,41,124,-28.0,-35.5,,mccaija01
259,Jared McCain,21,OKC,SG,16,0,297,.464,.500,.438,.591,.909,.620,.159,.580,99,91,122,109,116,107,60,140,13.1,11.8,,mccaija01
260,Tyus Jones,29,3TM,PG,60,10,915,.345,.459,.278,.433,.778,.441,.045,.630,74,84,78,80,99,76,17,152,-44.3,-56.4,,jonesty01
260,Tyus Jones,29,ORL,PG,48,8,754,.342,.429,.294,.437,1.000,.448,.038,.646,73,78,82,80,128,77,14,155,-33.7,-42.2,,jonesty01
260,Tyus Jones,29,DAL,PG,8,2,133,.382,.600,.211,.441,.500,.444,.059,.559,82,110,59,81,64,77,22,135,-6.9,-9.4,,jonesty01
260,Tyus Jones,29,DEN,PG,4,0,28,.250,.333,.200,.313,.000,.296,.125,.625,53,61,56,58,0,51,47,151,-3.7,-4.8,,jonesty01
261,Caris LeVert,31,DET,SG,47,0,912,.409,.487,.324,.487,.677,.511,.215,.479,87,89,91,90,86,88,81,115,-34.2,-45.3,,leverca01
262,Luka Garza,27,BOS,C,58,4,906,.568,.647,.434,.648,.765,.679,.368,.372,121,118,121,119,98,117,139,90,56.0,61.7,,garzalu01
263,Pat Spencer,29,GSW,PG,52,12,905,.420,.451,.370,.490,.783,.515,.146,.379,90,82,103,90,100,89,55,91,-33.2,-43.4,,spencpa01
264,Franz Wagner,24,ORL,SF,28,26,891,.479,.521,.365,.528,.828,.591,.407,.269,102,95,102,97,106,102,153,65,-13.0,11.2,,wagnefr01
265,Gary Payton II,33,GSW,SG,61,1,886,.545,.668,.306,.597,.630,.601,.083,.342,116,122,86,110,80,104,31,82,34.9,14.6,,paytoga02
266,Ryan Nembhard,22,DAL,PG,48,20,881,.415,.438,.376,.485,.789,.496,.065,.371,88,80,105,89,101,86,24,89,-34.4,-50.4,,nembhry01
267,Bryce McGowens,23,NOP,SG,42,13,880,.481,.528,.409,.561,.779,.610,.401,.392,103,96,114,103,99,105,151,95,8.5,16.9,,mcgowbr01
268,Taylor Hendricks,22,2TM,PF,49,10,879,.472,.582,.363,.563,.650,.579,.223,.502,101,106,101,104,83,100,84,121,10.7,-0.4,,hendrta01
268,Taylor Hendricks,22,UTA,PF,33,6,492,.453,.586,.343,.547,.719,.574,.250,.547,97,107,96,101,92,99,94,132,0.9,-1.7,,hendrta01
268,Taylor Hendricks,22,MEM,PF,16,4,387,.489,.579,.385,.578,.571,.584,.199,.461,104,106,107,106,73,101,75,111,9.8,1.3,,hendrta01
269,Bones Hyland,25,MIN,PG,59,3,871,.458,.577,.388,.580,.741,.597,.163,.630,98,105,108,107,95,103,61,152,24.3,12.7,,hylanbo01
270,Rayan Rupert,21,2TM,SG,58,3,866,.389,.435,.336,.468,.735,.490,.145,.470,83,80,94,86,94,85,55,113,-35.2,-44.5,,ruperra01
270,Rayan Rupert,21,POR,SG,48,0,577,.361,.408,.310,.435,.643,.447,.095,.483,77,74,87,80,82,77,36,116,-31.7,-40.5,,ruperra01
270,Rayan Rupert,21,MEM,SG,10,3,289,.437,.479,.385,.523,.800,.558,.230,.448,93,87,107,96,102,96,87,108,-3.5,-4.0,,ruperra01
271,Caleb Martin,30,DAL,SF,58,12,856,.450,.492,.351,.503,.607,.526,.323,.302,96,90,98,93,77,91,122,73,-15.4,-23.2,,martica02
272,De'Anthony Melton,27,GSW,PG,37,13,843,.425,.528,.298,.492,.828,.534,.236,.449,91,96,83,90,106,92,89,108,-43.3,-42.1,,meltode01
273,Cam Thomas,24,2TM,SG,40,8,842,.409,.466,.311,.466,.819,.530,.360,.369,87,85,87,86,105,91,136,89,-68.6,-51.3,,thomaca02
273,Cam Thomas,24,BRK,SG,24,8,582,.399,.445,.325,.461,.843,.527,.351,.380,85,81,91,85,108,91,132,91,-50.7,-37.0,,thomaca02
273,Cam Thomas,24,MIL,SG,16,0,260,.431,.511,.277,.478,.769,.535,.380,.343,92,93,77,88,98,92,143,83,-17.9,-14.3,,thomaca02
274,Ochai Agbaji,25,2TM,SG,54,13,841,.450,.588,.265,.507,.818,.532,.144,.428,96,107,74,93,104,92,54,103,-16.8,-23.2,,agbajoc01
274,Ochai Agbaji,25,TOR,SG,42,13,650,.424,.571,.185,.459,.862,.495,.171,.382,90,104,52,84,110,85,64,92,-28.7,-30.8,,agbajoc01
274,Ochai Agbaji,25,BRK,SG,12,0,191,.525,.654,.424,.644,.500,.642,.068,.559,112,119,118,119,64,111,26,135,11.9,7.6,,agbajoc01
275,T.J. McConnell,33,IND,PG,49,2,840,.525,.552,.302,.541,.880,.553,.062,.107,112,101,84,100,112,95,23,26,-1.8,-21.7,,mccontj01
276,Alex Caruso,31,OKC,SG,45,0,838,.426,.604,.303,.516,.795,.543,.171,.589,91,110,85,95,102,94,64,142,-14.3,-20.5,,carusal01
277,Nae'Qwan Tomlin,25,CLE,PF,53,2,837,.468,.620,.204,.506,.741,.533,.201,.364,100,113,57,93,95,92,76,88,-20.3,-27.3,,tomlina01
278,Mike Conley,38,MIN,PG,46,9,831,.316,.326,.313,.435,.891,.494,.260,.757,67,59,88,80,114,85,98,182,-38.3,-33.6,,conlemi01
279,Jordan Poole,26,NOP,PG,34,6,826,.371,.442,.332,.478,.871,.530,.258,.647,79,81,93,88,111,92,97,156,-50.8,-42.7,,poolejo01
280,Jakob Poeltl,30,TOR,C,32,30,824,.697,.697,,.697,.642,.701,.333,.000,149,127,,128,82,121,126,0,61.6,55.9,,poeltja01
281,Paul George,35,PHI,PF,27,27,824,.424,.464,.382,.517,.855,.556,.215,.489,90,85,107,95,109,96,81,118,-18.6,-18.0,,georgpa01
282,Vince Williams Jr.,25,2TM,SG,40,12,820,.353,.417,.311,.447,.780,.478,.171,.606,75,76,87,82,100,82,65,146,-56.2,-63.9,,willivi01
282,Vince Williams Jr.,25,MEM,PG,34,12,736,.352,.419,.308,.445,.804,.478,.174,.602,75,77,86,82,103,83,66,145,-51.8,-57.4,,willivi01
282,Vince Williams Jr.,25,UTA,SG,6,0,84,.357,.400,.333,.464,.500,.470,.143,.643,76,73,93,85,64,81,54,155,-4.4,-6.5,,willivi01
283,Isaiah Jackson,24,2TM,C,49,14,800,.607,.610,.000,.607,.663,.632,.476,.005,129,111,0,112,85,109,180,1,26.2,26.2,,jacksis01
283,Isaiah Jackson,24,IND,C,38,14,638,.582,.585,.000,.582,.689,.615,.448,.006,124,107,0,107,88,106,169,1,12.7,14.0,,jacksis01
283,Isaiah Jackson,24,LAC,C,11,0,162,.707,.707,,.707,.583,.698,.585,.000,151,129,,130,74,120,221,0,13.5,12.2,,jacksis01
284,Robert Williams,28,POR,C,47,1,795,.727,.770,.350,.745,.643,.744,.212,.101,155,141,98,137,82,128,80,24,79.9,71.1,,williro04
285,Keegan Murray,25,SAC,PF,23,22,793,.420,.505,.277,.472,.776,.499,.163,.373,90,92,77,87,99,86,62,90,-43.0,-51.7,,murrake02
286,Nikola Jović,22,MIA,PF,45,1,791,.370,.483,.272,.443,.683,.485,.331,.531,79,88,76,81,87,84,125,128,-61.4,-66.0,,jovicni01
287,Karlo Matković,24,NOP,PF,55,2,780,.631,.721,.479,.721,.771,.732,.179,.374,135,132,134,133,98,126,68,90,69.1,64.1,,matkoka01
288,Clint Capela,31,HOU,C,61,2,774,.513,.513,,.513,.619,.537,.330,.000,109,94,,94,79,93,124,0,-11.5,-18.5,,capelca01
289,Buddy Hield,33,2TM,SG,45,3,773,.432,.600,.342,.543,.794,.560,.113,.651,92,110,95,100,101,97,43,157,-0.1,-12.2,,hieldbu01
289,Buddy Hield,33,GSW,SG,44,3,768,.433,.600,.344,.545,.794,.562,.113,.650,92,110,96,100,101,97,43,157,1.0,-11.0,,hieldbu01
289,Buddy Hield,33,ATL,SG,1,0,5,.000,,.000,.000,,.000,.000,1.000,0,,0,0,,0,0,241,-1.1,-1.2,,hieldbu01
290,Tyrese Martin,26,2TM,SG,44,6,771,.391,.495,.321,.487,.679,.499,.101,.598,83,90,90,90,87,86,38,144,-30.9,-46.2,,martity01
290,Tyrese Martin,26,BRK,SG,37,6,696,.392,.476,.336,.492,.731,.507,.102,.596,84,87,94,91,93,87,38,144,-26.1,-38.8,,martity01
290,Tyrese Martin,26,PHI,SG,7,0,75,.381,.750,.154,.429,.000,.411,.095,.619,81,137,43,79,0,71,36,149,-4.8,-7.4,,martity01
291,Justin Edwards,22,PHI,SF,51,8,769,.449,.570,.358,.551,.833,.572,.128,.573,96,104,100,101,106,99,48,138,3.7,-3.5,,edwarju01
292,Guerschon Yabusele,30,2TM,C,57,12,765,.406,.471,.367,.521,.714,.546,.209,.628,87,86,103,96,91,94,79,151,-10.3,-17.2,,yabusgu01
292,Guerschon Yabusele,30,NYK,C,41,0,366,.393,.564,.294,.486,.667,.499,.112,.636,84,103,82,89,85,86,42,153,-12.3,-18.1,,yabusgu01
292,Guerschon Yabusele,30,CHI,C,16,12,399,.417,.396,.430,.551,.730,.583,.291,.622,89,72,120,101,93,101,110,150,2.0,0.9,,yabusgu01
293,Trendon Watford,25,PHI,PF,45,7,756,.513,.578,.233,.535,.719,.563,.250,.189,109,106,65,98,92,97,94,45,-3.7,-8.3,,watfotr01
294,Jalen Williams,24,OKC,SG,26,26,755,.479,.515,.313,.507,.833,.555,.279,.175,102,94,87,93,106,96,105,42,-26.6,-20.1,,willija06
295,Olivier-Maxence Prosper,23,MEM,PF,43,14,749,.532,.630,.394,.614,.773,.645,.300,.416,113,115,110,113,99,111,113,100,35.4,37.0,,prospol01
296,Aaron Gordon,30,DEN,PF,27,24,749,.495,.561,.395,.573,.781,.621,.409,.396,106,102,110,106,100,107,154,95,18.9,31.0,,gordoaa01
297,Jonas Valančiūnas,33,DEN,C,56,5,748,.581,.597,.316,.590,.793,.631,.345,.059,124,109,88,109,101,109,130,14,30.1,38.2,,valanjo01
298,John Konchar,29,2TM,SG,43,5,747,.444,.714,.250,.517,.600,.529,.171,.581,95,130,70,95,77,91,65,140,-6.1,-12.8,,konchjo01
298,John Konchar,29,MEM,SG,30,1,435,.521,.750,.333,.613,.615,.619,.183,.549,111,137,93,113,79,107,69,132,9.9,6.1,,konchjo01
298,John Konchar,29,UTA,SG,13,4,312,.326,.647,.138,.370,.571,.387,.152,.630,70,118,39,68,73,67,57,152,-16.0,-18.9,,konchjo01
299,Jaylen Clark,24,MIN,SG,59,0,739,.435,.528,.308,.500,.633,.528,.326,.424,93,96,86,92,81,91,123,102,-15.9,-21.9,,clarkja02
300,Goga Bitadze,26,ORL,C,49,2,736,.688,.723,.182,.694,.687,.707,.394,.065,147,132,51,128,88,122,149,16,51.3,50.8,,bitadgo01
301,Kasparas Jakučionis,19,MIA,PG,41,11,733,.422,.406,.431,.564,.881,.603,.225,.658,90,74,120,104,112,104,85,158,7.8,9.8,,jakucka01
302,Josh Green,25,CHO,SG,44,0,732,.477,.605,.434,.639,.885,.665,.172,.748,102,111,121,118,113,115,65,180,28.9,27.7,,greenjo02
303,Steven Adams,32,HOU,C,32,11,730,.504,.504,,.504,.580,.535,.583,.000,107,92,,93,74,92,220,0,-11.0,-15.4,,adamsst01
304,Jalen Pickett,26,DEN,SG,43,18,728,.422,.473,.381,.527,.923,.541,.064,.554,90,86,106,97,118,93,24,133,-6.7,-16.1,,pickeja02
305,Lonzo Ball,28,CLE,PG,35,3,728,.301,.448,.272,.415,.667,.432,.119,.835,64,82,76,76,85,75,45,201,-45.2,-54.7,,balllo01
306,Dwight Powell,34,DAL,C,52,8,711,.663,.675,.333,.669,.678,.702,1.088,.038,141,123,93,123,87,121,410,9,20.1,28.9,,poweldw01
307,Kenrich Williams,31,OKC,PF,45,2,710,.489,.556,.410,.582,.674,.596,.186,.455,104,101,114,107,86,103,70,109,18.0,8.3,,willike04
308,Micah Peavy,24,NOP,SG,52,1,706,.376,.471,.233,.423,.684,.435,.084,.398,80,86,65,78,87,75,32,96,-54.6,-67.6,,peavymi01
309,Jabari Walker,23,PHI,PF,56,6,701,.449,.542,.337,.526,.754,.565,.311,.454,96,99,94,97,96,98,117,109,-7.0,-6.3,,walkeja01
310,Gabe Vincent,29,2TM,PG,40,7,699,.351,.364,.348,.491,.917,.508,.070,.807,75,66,97,90,117,88,26,194,-17.8,-25.3,,vincega01
310,Gabe Vincent,29,LAL,PG,29,7,559,.346,.259,.369,.492,.909,.512,.085,.792,74,47,103,91,116,88,32,191,-13.3,-18.3,,vincega01
310,Gabe Vincent,29,ATL,PG,11,0,140,.366,.833,.286,.488,1.000,.495,.024,.854,78,152,80,90,128,85,9,206,-4.5,-7.0,,vincega01
311,Julian Strawther,23,DEN,SG,44,12,672,.464,.573,.348,.548,.800,.584,.251,.481,99,105,97,101,102,101,95,116,2.3,2.4,,strawju01
312,Jaden Ivey,23,2TM,SG,37,5,670,.445,.525,.373,.543,.809,.571,.184,.523,95,96,104,100,103,99,69,126,-0.1,-4.7,,iveyja01
312,Jaden Ivey,23,DET,SG,33,2,555,.450,.533,.372,.545,.789,.570,.173,.514,96,97,104,100,101,98,65,124,1.0,-4.4,,iveyja01
312,Jaden Ivey,23,CHI,SG,4,3,115,.417,.467,.381,.528,.889,.576,.250,.583,89,85,106,97,113,99,94,140,-1.1,-0.3,,iveyja01
313,Noah Penda,21,ORL,SF,48,2,666,.425,.485,.346,.500,.688,.529,.265,.431,91,89,97,92,88,91,100,104,-15.7,-20.3,,pendano01
314,Tyler Kolek,24,NYK,PG,55,1,662,.424,.480,.356,.504,.667,.513,.079,.454,90,88,99,93,85,88,30,109,-17.8,-31.6,,kolekty01
315,Kobe Brown,26,2TM,PF,49,3,656,.429,.527,.330,.511,.796,.553,.269,.500,91,96,92,94,102,95,102,120,-11.8,-10.9,,brownko01
315,Kobe Brown,26,LAC,PF,34,0,295,.393,.571,.265,.470,.808,.524,.310,.583,84,104,74,87,103,90,117,140,-12.3,-10.6,,brownko01
315,Kobe Brown,26,IND,PF,15,3,361,.459,.500,.405,.546,.783,.578,.235,.429,98,91,113,100,100,100,89,103,0.5,-0.3,,brownko01
316,Jamir Watkins,24,WAS,SG,35,4,654,.461,.655,.287,.537,.619,.552,.236,.528,98,120,80,99,79,95,89,127,-2.4,-10.7,,watkija01
317,Rob Dillingham,21,2TM,PG,51,0,653,.356,.373,.312,.400,.750,.425,.133,.285,76,68,87,74,96,73,50,69,-77.4,-88.3,,dilliro01
317,Rob Dillingham,21,MIN,PG,35,0,326,.333,.324,.364,.376,.750,.404,.142,.234,71,59,102,69,96,70,54,56,-47.2,-52.6,,dilliro01
317,Rob Dillingham,21,CHI,PG,16,0,327,.380,.435,.273,.426,.750,.448,.124,.341,81,79,76,78,96,77,47,82,-30.2,-35.7,,dilliro01
318,Micah Potter,27,IND,C,35,3,652,.498,.631,.405,.617,.886,.668,.341,.590,106,115,113,114,113,115,129,142,30.3,41.7,,pottemi01
319,Jaden Hardy,23,2TM,SG,46,4,652,.416,.476,.374,.526,.778,.556,.205,.591,89,87,104,97,99,96,77,142,-10.7,-16.1,,hardyja02
319,Jaden Hardy,23,DAL,SG,34,4,428,.402,.457,.371,.521,.775,.551,.206,.639,86,83,104,96,99,95,78,154,-8.8,-12.2,,hardyja02
319,Jaden Hardy,23,WAS,SG,12,0,224,.439,.500,.379,.535,.783,.564,.202,.509,94,91,106,98,100,97,76,123,-1.9,-3.9,,hardyja02
320,Josh Minott,23,2TM,PF,41,10,648,.492,.603,.415,.615,.786,.641,.235,.592,105,110,116,113,100,111,89,143,25.5,24.1,,minotjo01
320,Josh Minott,23,BOS,PF,33,10,526,.507,.593,.442,.632,.769,.651,.191,.566,108,108,123,116,98,112,72,136,24.2,21.1,,minotjo01
320,Josh Minott,23,BRK,SF,8,0,122,.442,.643,.345,.558,.813,.610,.372,.674,94,117,96,103,104,105,140,162,1.3,3.0,,minotjo01
321,Paul Reed,26,DET,C,50,8,646,.597,.631,.367,.620,.643,.633,.300,.129,127,115,102,114,82,109,113,31,35.8,28.3,,reedpa01
322,Dylan Cardwell,24,SAC,C,31,1,644,.596,.602,.000,.596,.524,.596,.368,.009,127,110,0,110,67,103,139,2,12.1,4.5,,cardwdy01
323,Johnny Furphy,21,IND,SG,35,21,643,.470,.603,.324,.547,.486,.547,.235,.477,100,110,90,101,62,94,89,115,1.1,-10.5,,furphjo01
324,Tyler Herro,26,MIA,SG,21,16,643,.491,.557,.393,.570,.917,.610,.213,.399,105,102,110,105,117,105,80,96,17.7,22.5,,herroty01
325,Ousmane Dieng,22,2TM,C,42,7,630,.418,.467,.378,.522,.813,.536,.080,.552,89,85,106,96,104,92,30,133,-8.4,-18.1,,diengou01
325,Ousmane Dieng,22,OKC,C,27,0,295,.418,.476,.367,.516,1.000,.534,.066,.538,89,87,103,95,128,92,25,130,-4.9,-8.5,,diengou01
325,Ousmane Dieng,22,MIL,C,15,7,335,.418,.458,.387,.527,.700,.538,.091,.564,89,84,108,97,89,93,34,136,-3.5,-9.6,,diengou01
326,Anthony Davis,32,DAL,PF,20,20,626,.506,.535,.270,.521,.728,.551,.243,.111,108,98,75,96,93,95,92,27,-14.9,-21.4,,davisan02
327,Tre Mann,24,CHO,PG,43,1,624,.358,.396,.324,.443,.840,.462,.090,.520,76,72,91,81,107,80,34,125,-56.1,-68.1,,manntr01
328,Quenton Jackson,27,IND,PG,36,10,624,.459,.519,.371,.534,.816,.592,.392,.401,98,95,104,98,104,102,148,97,-4.2,6.3,,jacksqu01
329,Nick Richards,28,2TM,C,44,3,619,.514,.537,.231,.523,.659,.565,.520,.074,110,98,64,96,84,97,196,18,-7.1,-6.3,,richani01
329,Nick Richards,28,PHO,C,28,2,254,.493,.493,,.493,.679,.534,.394,.000,105,90,,91,87,92,149,0,-7.1,-7.6,,richani01
329,Nick Richards,28,CHI,C,16,1,365,.529,.571,.231,.543,.651,.585,.606,.125,113,104,64,100,83,101,229,30,0.0,1.3,,richani01
330,Jalen Wilson,25,BRK,PF,44,0,618,.382,.391,.377,.503,.745,.539,.267,.639,82,71,105,93,95,93,101,154,-15.5,-17.4,,wilsoja03
331,Gary Harris,31,MIL,SG,44,2,609,.443,.517,.407,.580,.889,.598,.102,.670,95,94,114,107,113,103,39,161,6.4,3.4,,harriga01
332,Javon Small,23,MEM,PG,32,5,607,.445,.464,.424,.545,.838,.596,.325,.474,95,85,118,100,107,103,123,114,0.9,8.1,,smallja01
333,Kevin Love,37,UTA,PF,36,5,598,.404,.464,.380,.539,.833,.575,.218,.710,86,85,106,99,106,99,82,171,-1.7,-2.1,,loveke01
334,Jonathan Kuminga,23,2TM,PF,25,14,594,.470,.511,.355,.517,.732,.565,.411,.263,100,93,99,95,93,98,155,63,-12.4,-8.0,,kuminjo01
334,Jonathan Kuminga,23,GSW,PF,20,13,476,.454,.504,.321,.497,.742,.543,.340,.273,97,92,90,92,95,94,128,66,-17.8,-16.5,,kuminjo01
334,Jonathan Kuminga,23,ATL,PF,5,1,118,.548,.545,.556,.607,.710,.656,.738,.214,117,100,155,112,91,113,279,52,5.4,8.5,,kuminjo01
335,Carter Bryant,20,SAS,PF,57,0,590,.385,.464,.331,.483,.706,.505,.166,.590,82,85,92,89,90,87,63,142,-24.7,-32.9,,bryanca01
336,Ben Saraf,19,BRK,SG,32,6,587,.380,.464,.220,.418,.796,.478,.316,.345,81,85,62,77,102,82,119,83,-42.8,-39.7,,sarafbe01
337,Kyle Anderson,32,3TM,SF,30,3,578,.558,.553,.667,.572,.685,.603,.391,.043,119,101,186,105,87,104,148,10,8.1,7.5,,anderky01
337,Kyle Anderson,32,UTA,SF,20,0,401,.523,.519,.600,.537,.658,.565,.349,.046,112,95,168,99,84,97,132,11,-1.4,-3.7,,anderky01
337,Kyle Anderson,32,MEM,SF,4,3,89,.789,.778,1.000,.816,.750,.821,.421,.053,168,142,279,150,96,142,159,13,10.4,10.9,,anderky01
337,Kyle Anderson,32,MIN,SF,6,0,88,.500,.500,,.500,.750,.592,.800,.000,107,91,,92,96,102,302,0,-0.9,0.3,,anderky01
338,Tidjane Salaün,20,CHO,PF,36,0,571,.506,.587,.434,.620,.650,.632,.253,.525,108,107,121,114,83,109,96,127,24.3,18.5,,salauti01
339,Jevon Carter,30,2TM,PG,38,0,571,.393,.444,.375,.532,.824,.546,.083,.738,84,81,105,98,105,94,31,178,-4.8,-14.4,,carteje01
339,Jevon Carter,30,CHI,PG,23,0,254,.398,.360,.410,.553,1.000,.577,.097,.757,85,66,115,102,128,100,37,182,2.1,-0.5,,carteje01
339,Jevon Carter,30,ORL,PG,15,0,317,.388,.517,.338,.510,.571,.514,.068,.718,83,94,94,94,73,89,26,173,-6.9,-13.9,,carteje01
340,Ja Morant,26,MEM,PG,20,20,569,.410,.473,.235,.441,.897,.521,.363,.264,87,86,66,81,115,90,137,64,-65.9,-43.9,,moranja01
341,Zeke Nnaji,25,DEN,PF,46,3,566,.474,.584,.271,.522,.773,.566,.321,.350,101,107,76,96,99,98,121,84,-5.9,-4.2,,nnajize01
342,Thomas Bryant,28,CLE,C,50,0,564,.488,.640,.349,.579,.847,.621,.282,.522,104,117,97,107,108,107,107,126,14.9,19.7,,bryanth01
343,Domantas Sabonis,29,SAC,C,19,15,564,.543,.593,.185,.554,.727,.590,.348,.122,116,108,52,102,93,102,131,29,4.9,5.6,,sabondo01
344,Jett Howard,22,ORL,SF,45,0,563,.406,.477,.355,.510,.944,.550,.174,.585,87,87,99,94,121,95,66,141,-13.9,-13.3,,howarje01
345,Aaron Holiday,29,HOU,PG,43,1,558,.396,.458,.360,.510,.865,.546,.188,.635,84,84,101,94,110,94,71,153,-13.0,-14.2,,holidaa01
346,Dorian Finney-Smith,32,HOU,PF,31,1,553,.325,.481,.276,.430,1.000,.443,.044,.763,69,88,77,79,128,76,17,184,-25.9,-31.7,,finnedo01
347,Drew Eubanks,28,SAC,C,42,11,552,.596,.617,.143,.599,.561,.605,.365,.045,127,113,40,110,72,104,138,11,17.5,9.1,,eubandr01
348,Tristan Vukcevic,22,WAS,C,42,8,552,.475,.586,.330,.547,.795,.593,.342,.436,101,107,92,101,102,102,129,105,1.8,8.3,,vukcetr01
349,Anthony Gill,33,WAS,PF,40,1,528,.574,.667,.286,.609,.739,.627,.200,.243,122,122,80,112,94,108,75,59,15.0,12.0,,gillan01
350,Cole Anthony,25,MIL,PG,35,0,527,.424,.478,.306,.472,.615,.483,.113,.312,90,87,85,87,79,83,42,75,-33.0,-47.0,,anthoco01
351,Jonathan Isaac,28,ORL,PF,52,0,521,.422,.549,.184,.454,.603,.498,.532,.349,90,100,51,84,77,86,201,84,-19.4,-21.9,,isaacjo01
352,Kristaps Porziņģis,30,2TM,C,22,13,521,.458,.534,.345,.528,.845,.593,.406,.406,98,98,96,97,108,102,153,98,-8.5,8.8,,porzikr01
352,Kristaps Porziņģis,30,ATL,C,17,12,413,.457,.524,.360,.531,.840,.592,.386,.410,97,96,101,98,107,102,146,99,-5.2,6.3,,porzikr01
352,Kristaps Porziņģis,30,GSW,C,5,1,108,.459,.568,.292,.516,.862,.597,.475,.393,98,104,81,95,110,103,179,95,-3.3,2.5,,porzikr01
353,Jordan Hawkins,23,NOP,SG,43,0,517,.320,.346,.301,.406,.800,.429,.110,.569,68,63,84,75,102,74,42,137,-49.7,-57.0,,hawkijo01
354,Jamaree Bouyea,26,PHO,PG,34,0,516,.475,.563,.306,.528,.710,.547,.171,.343,101,103,86,97,91,94,65,82,-5.7,-12.6,,bouyeja01
355,Jase Richardson,20,ORL,SG,45,0,512,.461,.543,.356,.539,.737,.566,.228,.437,98,99,99,99,94,98,86,105,-1.5,-4.9,,richaja02
356,Dalton Knecht,24,LAL,SF,48,1,509,.448,.644,.307,.537,.700,.550,.115,.580,96,118,86,99,89,95,43,140,-2.1,-10.9,,knechda01
357,Jalen Green,23,PHO,SG,20,15,501,.407,.506,.301,.480,.774,.507,.164,.481,87,92,84,88,99,87,62,116,-41.0,-50.5,,greenja05
358,Mohamed Diawara,20,NYK,SF,58,6,499,.429,.485,.393,.549,.750,.557,.069,.611,91,89,110,101,96,96,26,147,1.9,-7.9,,diawamo01
359,D'Angelo Russell,29,DAL,PG,26,3,495,.405,.508,.295,.476,.717,.511,.259,.483,86,93,82,88,91,88,98,116,-31.1,-35.5,,russeda01
360,Dalen Terry,23,2TM,SG,42,0,492,.429,.459,.390,.515,.556,.525,.203,.444,91,84,109,95,71,91,77,107,-7.5,-15.9,,terryda01
360,Dalen Terry,23,CHI,SG,34,0,377,.441,.464,.413,.534,.529,.539,.167,.451,94,85,115,98,68,93,63,109,-1.8,-8.9,,terryda01
360,Dalen Terry,23,PHI,SG,8,0,115,.387,.444,.308,.452,.600,.480,.323,.419,83,81,86,83,77,83,122,101,-5.7,-7.0,,terryda01
361,Daeqwon Plowden,27,SAC,SG,20,2,486,.392,.574,.287,.483,.923,.524,.176,.635,84,105,80,89,118,90,66,153,-17.8,-17.8,,plowdda01
362,Keaton Wallace,26,ATL,PG,46,2,476,.408,.433,.391,.524,.643,.532,.095,.592,87,79,109,96,82,92,36,143,-5.7,-14.5,,wallake01
363,Grant Williams,27,CHO,PF,24,3,471,.412,.514,.375,.550,.850,.599,.305,.733,88,94,105,101,109,103,115,176,1.7,5.8,,willigr01
364,Jahmai Mashack,23,MEM,SG,24,3,449,.381,.447,.280,.437,.529,.446,.135,.397,81,82,78,80,68,77,51,96,-26.9,-35.7,,mashaja01
365,Trayce Jackson-Davis,25,2TM,C,44,1,449,.566,.563,1.000,.571,.547,.581,.566,.009,121,103,279,105,70,100,214,2,6.2,0.4,,jackstr02
365,Trayce Jackson-Davis,25,GSW,C,36,1,411,.588,.584,1.000,.593,.558,.601,.510,.010,125,107,279,109,71,104,192,2,10.2,5.3,,jackstr02
365,Trayce Jackson-Davis,25,TOR,C,8,0,38,.364,.364,,.364,.500,.430,1.091,.000,78,66,,67,64,74,412,0,-4.0,-4.9,,jackstr02
366,Kam Jones,23,IND,SG,28,7,446,.424,.515,.308,.492,.500,.494,.068,.441,90,94,86,90,64,85,26,106,-12.2,-20.8,,joneska03
367,Asa Newell,20,ATL,PF,40,1,445,.537,.663,.391,.628,.560,.628,.168,.463,114,121,109,116,71,108,63,112,25.1,15.6,,newelas01
368,Tyrese Proctor,21,CLE,PG,42,1,436,.395,.486,.336,.497,.862,.530,.164,.605,84,89,94,92,110,91,62,146,-16.3,-18.9,,proctty01
369,Amir Coffey,28,2TM,SG,42,2,432,.484,.615,.317,.554,.786,.593,.301,.441,103,112,89,102,100,102,114,106,1.9,2.9,,coffeam01
369,Amir Coffey,28,MIL,SG,30,2,265,.473,.633,.280,.536,.867,.584,.273,.455,101,116,78,99,111,101,103,109,-0.8,0.6,,coffeam01
369,Amir Coffey,28,PHO,SG,12,0,167,.500,.591,.375,.579,.692,.606,.342,.421,107,108,105,107,88,105,129,101,2.7,2.3,,coffeam01
370,Ariel Hukporti,23,NYK,C,48,4,430,.550,.571,.250,.558,.750,.608,.467,.067,117,104,70,103,96,105,176,16,1.8,4.2,,hukpoar01
371,Rasheer Fleming,21,PHO,PF,42,0,425,.402,.472,.354,.508,.579,.517,.144,.598,86,86,99,93,74,89,54,144,-9.4,-17.7,,flemira01
372,Moussa Cisse,23,DAL,C,34,1,425,.590,.590,,.590,.439,.567,.795,.000,126,108,,109,56,98,300,0,7.8,-2.9,,cissemo01
373,Yanic Konan Niederhäuser,22,LAC,C,41,0,424,.640,.663,.200,.645,.758,.691,.620,.050,136,121,56,119,97,119,234,12,20.3,28.5,,konanya01
374,Jamison Battle,24,TOR,SF,49,2,418,.505,.636,.415,.628,.667,.633,.083,.596,108,116,116,116,85,109,31,144,18.6,12.1,,battlja01
375,Cam Christie,20,LAC,SG,45,0,417,.377,.453,.255,.426,.739,.485,.377,.385,80,83,71,78,94,84,142,93,-28.6,-26.9,,chrisca02
376,Ethan Thompson,26,IND,SG,24,6,417,.367,.467,.307,.463,.706,.482,.142,.625,78,85,86,85,90,83,53,151,-19.4,-24.7,,thompet01
377,Tony Bradley,28,IND,C,38,3,416,.557,.558,.500,.561,.744,.604,.406,.019,119,102,140,103,95,104,153,5,3.8,6.2,,bradlto01
378,Jeremy Sochan,22,2TM,PF,38,0,411,.477,.603,.237,.518,.667,.534,.162,.342,102,110,66,95,85,92,61,82,-5.6,-10.8,,sochaje01
378,Jeremy Sochan,22,SAS,PF,28,0,358,.475,.594,.257,.520,.688,.538,.162,.354,101,108,72,96,88,93,61,85,-4.6,-8.9,,sochaje01
378,Jeremy Sochan,22,NYK,PF,10,0,53,.500,.667,.000,.500,.500,.505,.167,.250,107,122,0,92,64,87,63,60,-1.0,-1.9,,sochaje01
379,Scoot Henderson,21,POR,PG,17,3,394,.415,.489,.340,.500,.817,.553,.319,.500,88,89,95,92,104,95,120,120,-16.3,-11.5,,hendesc01
380,Bogdan Bogdanović,33,LAC,SG,18,3,389,.367,.440,.321,.465,.826,.500,.180,.609,78,80,90,86,105,86,68,147,-20.1,-22.1,,bogdabo01
381,Devin Carter,23,SAC,PG,27,2,386,.396,.520,.194,.433,.804,.491,.311,.378,85,95,54,80,103,85,117,91,-36.2,-33.1,,cartede02
382,Trae Young,27,2TM,PG,15,15,384,.458,.557,.338,.534,.825,.612,.548,.452,98,102,94,98,105,106,207,109,-3.3,14.4,,youngtr01
382,Trae Young,27,ATL,PG,10,10,280,.415,.500,.305,.481,.863,.577,.541,.437,88,91,85,89,110,100,204,105,-16.7,-0.7,,youngtr01
382,Trae Young,27,WAS,PG,5,5,104,.595,.762,.429,.702,.708,.723,.571,.500,127,139,120,129,90,125,216,120,13.4,15.1,,youngtr01
383,Maxi Kleber,34,LAL,PF,35,1,383,.467,.579,.273,.517,.636,.545,.367,.367,100,106,76,95,81,94,138,88,-3.2,-4.8,,klebima01
384,Sharife Cooper,24,WAS,PG,26,0,381,.485,.543,.350,.538,.789,.578,.288,.303,103,99,98,99,101,100,109,73,-1.4,-0.4,,coopesh01
385,Pete Nance,25,MIL,PF,34,0,379,.557,.707,.462,.698,.000,.692,.019,.613,119,129,129,129,0,119,7,148,32.8,24.1,,nancepe01
386,Branden Carlson,26,OKC,C,35,2,376,.522,.671,.344,.601,.529,.601,.127,.455,111,123,96,111,68,104,48,110,15.4,6.0,,carlsbr01
387,Julian Phillips,22,2TM,SF,42,2,364,.429,.556,.321,.515,.882,.550,.173,.541,91,101,90,95,113,95,65,130,-5.5,-6.2,,phillju01
387,Julian Phillips,22,CHI,SF,35,2,334,.420,.538,.327,.511,.818,.533,.125,.557,90,98,91,94,104,92,47,134,-5.6,-8.6,,phillju01
387,Julian Phillips,22,MIN,SF,7,0,30,.500,.667,.250,.550,1.000,.672,.600,.400,107,122,70,101,128,116,226,96,0.1,2.4,,phillju01
388,Jeremiah Robinson-Earl,25,2TM,PF,22,3,361,.370,.458,.244,.420,.944,.468,.180,.410,79,84,68,77,121,81,68,99,-24.7,-24.0,,robinje02
388,Jeremiah Robinson-Earl,25,IND,PF,17,3,300,.349,.420,.242,.398,.929,.443,.169,.398,75,77,68,73,119,76,64,96,-24.2,-24.3,,robinje02
388,Jeremiah Robinson-Earl,25,DAL,PF,5,0,61,.471,.667,.250,.529,1.000,.586,.235,.471,100,122,70,97,128,101,89,113,-0.5,0.3,,robinje02
389,Cam Whitmore,21,WAS,SF,21,0,354,.456,.540,.286,.503,.742,.528,.183,.331,97,99,80,93,95,91,69,80,-13.6,-18.7,,whitmca01
390,Larry Nance Jr.,33,CLE,PF,29,2,353,.381,.422,.346,.474,.600,.479,.052,.536,81,77,97,87,77,83,19,129,-13.4,-20.0,,nancela02
391,Moritz Wagner,28,ORL,C,27,0,352,.435,.485,.345,.497,.831,.564,.404,.360,93,89,96,91,106,97,152,87,-14.9,-5.7,,wagnemo01
392,Myron Gardner,24,MIA,SF,36,7,345,.480,.551,.415,.588,.739,.611,.225,.520,102,101,116,108,94,105,85,125,9.2,7.1,,gardnmy01
393,Terrence Shannon Jr.,25,MIN,SG,30,0,344,.406,.418,.391,.495,.818,.550,.327,.455,87,76,109,91,104,95,123,110,-9.7,-6.9,,shannte01
394,AJ Johnson,21,2TM,SG,39,0,344,.325,.386,.209,.361,.818,.402,.175,.341,69,70,58,66,104,69,66,82,-45.9,-48.2,,johnsaj01
394,AJ Johnson,21,WAS,SG,25,0,214,.325,.345,.280,.367,.750,.396,.145,.301,69,63,78,68,96,68,55,73,-29.2,-32.3,,johnsaj01
394,AJ Johnson,21,DAL,SG,14,0,130,.326,.480,.111,.349,.900,.411,.233,.419,69,88,31,64,115,71,88,101,-16.7,-15.9,,johnsaj01
395,Liam McNeeley,20,CHO,SF,28,0,342,.386,.400,.379,.511,.806,.566,.352,.659,82,73,106,94,103,98,133,159,-5.6,-2.8,,mcneeli01
396,Leonard Miller,22,2TM,SF,32,5,342,.555,.735,.262,.605,.792,.630,.218,.382,118,134,73,111,101,109,82,92,13.4,12.2,,millele01
396,Leonard Miller,22,MIN,SF,19,0,95,.545,.810,.083,.561,.636,.581,.333,.364,116,148,23,103,81,100,126,88,1.1,0.1,,millele01
396,Leonard Miller,22,CHI,SF,13,5,247,.558,.702,.333,.623,.923,.653,.169,.390,119,128,93,115,118,113,64,94,12.3,12.1,,millele01
397,Taelon Peter,23,IND,SG,30,0,335,.358,.692,.312,.495,.538,.501,.123,.877,76,126,87,91,69,86,46,211,-10.2,-17.5,,peterta01
398,Isaiah Livers,27,PHO,PF,33,0,332,.361,.455,.308,.459,.750,.490,.197,.639,77,83,86,84,96,85,74,154,-10.3,-11.8,,liveris01
399,Elijah Harkless,25,UTA,SG,19,3,325,.321,.429,.245,.393,.800,.482,.476,.583,69,78,68,72,102,83,180,140,-25.3,-19.8,,harklej01
400,Kelly Olynyk,34,SAS,C,36,0,322,.494,.711,.262,.557,.667,.584,.345,.483,105,130,73,103,85,101,130,116,2.5,0.9,,olynyke01
401,Nick Smith Jr.,21,LAL,SG,25,1,318,.421,.453,.391,.523,.636,.530,.083,.519,90,83,109,96,81,91,31,125,-5.5,-13.8,,smithni01
402,Christian Koloko,25,3TM,C,23,4,314,.435,.456,.200,.444,.700,.467,.161,.081,93,83,56,82,89,81,61,19,-12.3,-15.0,,kolokch01
402,Christian Koloko,25,LAL,C,2,0,6,,,,,,,,,,,,,,,,,0.0,0.0,,kolokch01
402,Christian Koloko,25,MEM,C,11,2,195,.400,.412,.000,.400,.250,.394,.114,.029,85,75,0,74,32,68,43,7,-10.0,-13.6,,kolokch01
402,Christian Koloko,25,ATL,C,10,2,113,.481,.522,.250,.500,1.000,.557,.222,.148,103,95,70,92,128,96,84,36,-2.3,-1.4,,kolokch01
403,Marcus Sasser,25,DET,PG,26,5,312,.420,.413,.425,.550,.929,.575,.118,.613,90,75,119,101,119,99,44,148,1.7,-1.1,,sassema01
404,Blake Wesley,22,POR,SG,23,0,301,.460,.514,.333,.510,.545,.524,.330,.300,98,94,93,94,70,90,125,72,-6.7,-12.7,,weslebl01
405,Jae'Sean Tate,30,HOU,SF,34,0,287,.513,.593,.333,.564,.571,.567,.090,.308,109,108,93,104,73,98,34,74,3.2,-2.0,,tateja01
406,Zach Edey,23,MEM,C,11,11,284,.633,.656,.200,.638,.781,.669,.327,.051,135,120,56,117,100,115,123,12,18.5,20.1,,edeyza01
407,Yang Hansen,20,POR,C,39,1,277,.301,.434,.125,.328,.828,.402,.312,.430,64,79,35,60,106,69,118,104,-40.0,-37.6,,yangha01
408,Malaki Branham,22,WAS,SG,28,0,275,.473,.537,.378,.549,.824,.604,.374,.407,101,98,106,101,105,104,141,98,1.1,5.2,,branhma01
409,Ty Jerome,28,MEM,SG,12,12,265,.482,.551,.405,.577,.870,.628,.321,.470,103,101,113,106,111,108,121,113,11.5,18.8,,jeromty01
410,Brooks Barnhizer,23,OKC,SG,33,0,259,.380,.424,.294,.430,.667,.446,.120,.340,81,77,82,79,85,77,45,82,-11.3,-14.0,,barnhbr01
411,Duop Reath,29,POR,C,32,0,258,.446,.526,.418,.601,.833,.613,.081,.743,95,96,117,111,106,106,31,179,8.6,5.2,,reathdu01
412,Kevon Looney,29,NOP,C,18,6,251,.442,.512,.111,.452,.625,.468,.154,.173,94,93,31,83,80,81,58,42,-9.5,-12.3,,looneke01
413,Pat Connaughton,33,CHO,SG,32,0,248,.453,.552,.391,.573,.688,.591,.213,.613,97,101,109,106,88,102,81,148,4.5,1.9,,connapa01
414,KJ Simpson,23,2TM,PG,17,2,246,.344,.368,.308,.406,.611,.428,.188,.406,73,67,86,75,78,74,71,98,-26.3,-31.4,,simpskj01
414,KJ Simpson,23,CHO,PG,14,2,223,.348,.380,.308,.416,.625,.437,.180,.438,74,69,86,77,80,75,68,106,-22.7,-27.3,,simpskj01
414,KJ Simpson,23,DEN,PG,3,0,23,.286,.286,,.286,.500,.317,.286,.000,61,52,,53,64,55,108,0,-3.6,-4.1,,simpskj01
415,Cameron Payne,31,PHI,PG,14,1,242,.380,.472,.328,.485,.917,.513,.120,.640,81,86,92,89,117,89,45,154,-11.7,-14.0,,payneca01
416,Ron Harper Jr.,25,BOS,SF,21,2,240,.400,.643,.344,.540,.500,.540,.027,.813,85,117,96,99,64,93,10,196,-0.5,-5.9,,harpero02
417,Taurean Prince,31,MIL,SF,12,0,236,.455,.500,.436,.609,1.000,.621,.055,.709,97,91,122,112,128,107,21,171,7.2,4.7,,princta02
418,Khaman Maluach,19,PHO,C,33,0,234,.537,.628,.182,.556,.765,.594,.315,.204,115,115,51,102,98,102,119,49,1.3,1.7,,maluakh01
419,Chris Paul,40,LAC,PG,16,0,228,.321,.308,.333,.411,.500,.413,.036,.536,69,56,93,76,64,71,13,129,-14.8,-18.9,,paulch01
420,Bronny James,21,LAL,SG,32,1,224,.397,.382,.414,.492,.800,.506,.079,.460,85,70,116,91,102,87,30,111,-6.5,-9.6,,jamesbr02
421,Lindy Waters III,28,SAS,SG,34,0,222,.379,.625,.345,.530,1.000,.534,.015,.879,81,114,96,98,128,92,6,212,-1.7,-6.0,,waterli01
422,Dejounte Murray,29,NOP,PG,8,8,216,.547,.652,.351,.608,.829,.651,.330,.349,117,119,98,112,106,112,125,84,13.8,17.3,,murrade01
423,PJ Hall,23,2TM,C,19,2,214,.508,.500,.600,.534,.793,.599,.492,.085,108,91,168,98,101,103,185,20,-1.1,2.8,,hallpj01
423,PJ Hall,23,MEM,C,7,0,27,.556,.667,.333,.611,.667,.630,.333,.333,118,122,93,112,85,109,126,80,1.2,1.0,,hallpj01
423,PJ Hall,23,CHO,C,12,2,187,.500,.479,1.000,.520,.808,.594,.520,.040,107,87,279,96,103,103,196,10,-2.3,1.8,,hallpj01
424,Scotty Pippen Jr.,25,MEM,PG,10,6,212,.448,.516,.313,.500,.783,.537,.240,.333,96,94,87,92,100,93,90,80,-8.3,-9.0,,pippesc02
425,Andre Jackson Jr.,24,MIL,SG,36,0,210,.250,.346,.176,.300,.900,.349,.167,.567,53,63,49,55,115,60,63,136,-29.2,-29.6,,jacksan01
426,Matisse Thybulle,28,POR,SG,17,0,210,.419,.450,.405,.556,1.000,.595,.161,.677,89,82,113,102,128,103,61,163,1.6,2.0,,thybuma01
427,Joan Beringer,19,MIN,PF,31,1,209,.667,.667,,.667,.647,.674,.283,.000,142,122,,123,83,116,107,0,14.8,12.8,,berinjo01
428,Jordan McLaughlin,29,SAS,PG,34,0,205,.397,.400,.394,.500,.800,.514,.079,.524,85,73,110,92,102,89,30,126,-5.5,-8.6,,mclaujo01
429,Garrison Mathews,29,IND,SG,15,1,196,.404,.667,.370,.567,.826,.628,.442,.885,86,122,103,104,105,108,167,213,2.5,6.0,,mathega01
430,Nigel Hayes-Davis,31,PHO,SF,27,0,195,.326,.433,.125,.348,.500,.356,.087,.348,70,79,35,64,64,61,33,84,-18.0,-21.4,,hayesni01
431,Doug McDermott,34,SAC,SF,17,0,195,.371,.500,.367,.548,1.000,.557,.032,.968,79,91,102,101,128,96,12,233,0.6,-2.9,,mcderdo01
432,DaRon Holmes,23,DEN,PF,19,6,194,.500,.667,.439,.661,.818,.682,.196,.732,107,122,123,122,104,118,74,176,13.2,12.5,,holmeda01
433,Chaz Lanier,24,DET,SG,24,0,191,.338,.400,.320,.462,1.000,.484,.077,.769,72,73,89,85,128,83,29,185,-10.6,-12.9,,laniech01
434,Killian Hayes,24,SAC,PG,11,2,191,.311,.323,.300,.385,.875,.418,.131,.492,66,59,84,71,112,72,49,118,-19.3,-20.8,,hayeski01
435,Jamal Cain,26,ORL,SF,25,0,186,.431,.452,.407,.526,.833,.576,.310,.466,92,82,114,97,106,99,117,112,-2.0,-0.4,,cainja01
436,JD Davison,23,HOU,PG,25,0,184,.389,.500,.286,.463,.556,.474,.167,.519,83,91,80,85,71,82,63,125,-8.7,-12.2,,davisjd01
437,Zach Collins,28,CHI,C,10,0,184,.578,.651,.429,.648,.700,.666,.313,.328,123,119,120,119,89,115,118,79,13.5,12.6,,colliza01
438,Keshad Johnson,24,MIA,SF,24,0,183,.420,.500,.310,.486,.667,.518,.304,.420,90,91,87,89,85,89,115,101,-8.0,-9.7,,johnske10
439,Blake Hinson,26,UTA,SF,9,1,182,.483,.533,.467,.658,.500,.655,.100,.750,103,97,130,121,64,113,38,181,13.8,9.4,,hinsobl01
440,Obi Toppin,27,IND,PF,11,3,180,.400,.613,.250,.473,.840,.535,.333,.587,85,112,70,87,107,92,126,141,-10.5,-7.7,,toppiob01
441,RayJ Dennis,24,3TM,PG,16,0,180,.301,.294,.308,.384,.889,.416,.123,.534,64,54,86,71,113,72,47,129,-23.3,-25.2,,dennira01
441,RayJ Dennis,24,IND,PG,13,0,168,.306,.294,.316,.389,.889,.421,.125,.528,65,54,88,72,113,73,47,127,-22.2,-24.0,,dennira01
441,RayJ Dennis,24,LAC,PG,1,0,4,,,,,,,,,,,,,,,,,0.0,0.0,,dennira01
441,RayJ Dennis,24,ATL,PG,2,0,8,.000,,.000,.000,,.000,.000,1.000,0,,0,0,,0,0,241,-1.1,-1.2,,dennira01
442,Drew Timme,25,LAL,PF,21,0,179,.588,.688,.421,.667,.571,.666,.137,.373,125,126,118,123,73,115,52,90,12.6,9.3,,timmedr01
443,Oscar Tshiebwe,26,UTA,C,13,1,175,.622,.622,,.622,.500,.617,.222,.000,133,114,,115,64,107,84,0,7.1,3.7,,tshieos01
444,Chris Youngblood,23,OKC,SG,32,0,174,.333,.444,.314,.467,.900,.505,.167,.850,71,81,88,86,115,87,63,205,-9.2,-9.6,,youngch01
445,Jonathan Mogbo,24,TOR,PF,28,0,163,.533,.533,,.533,.400,.528,.167,.000,114,97,,98,51,91,63,0,-0.6,-3.3,,mogbojo01
446,DeAndre Jordan,37,NOP,C,10,6,163,.696,.696,,.696,.600,.693,.652,.000,148,127,,128,77,120,246,0,7.0,6.7,,jordade01
447,Hunter Tyson,25,DEN,PF,21,2,162,.269,.368,.212,.337,.846,.398,.250,.635,57,67,59,62,108,69,94,153,-21.5,-20.9,,tysonhu01
448,Leaky Black,26,WAS,SF,5,2,159,.462,.526,.400,.564,1.000,.600,.154,.513,98,96,112,104,128,104,58,124,1.6,1.7,,blackle01
449,Lachlan Olbrich,22,CHI,C,25,0,156,.433,.500,.250,.467,.400,.465,.333,.267,92,91,70,86,51,80,126,64,-4.6,-7.9,,olbrila01
450,Walker Kessler,24,UTA,C,5,5,154,.703,.690,.750,.784,.700,.786,.541,.216,150,126,209,144,89,136,204,52,17.8,18.9,,kesslwa01
451,Julian Reese,22,WAS,PF,5,4,148,.593,.593,,.593,.778,.659,.667,.000,126,108,,109,99,114,252,0,2.7,5.5,,reeseju01
452,Jayson Tatum,27,BOS,PF,5,5,146,.409,.556,.271,.478,.917,.509,.129,.516,87,101,76,88,117,88,49,124,-12.0,-13.9,,tatumja01
453,Xavier Tillman Sr.,27,2TM,C,22,1,143,.421,.619,.176,.461,,.461,.000,.447,90,113,49,85,,79,0,108,-6.3,-9.0,,tillmxa01
453,Xavier Tillman Sr.,27,BOS,C,14,1,111,.452,.688,.200,.500,,.500,.000,.484,96,126,56,92,,86,0,117,-2.7,-4.9,,tillmxa01
453,Xavier Tillman Sr.,27,CHO,C,8,0,32,.286,.400,.000,.286,,.286,.000,.286,61,73,0,53,,49,0,69,-3.6,-4.1,,tillmxa01
454,Mason Plumlee,35,2TM,C,17,2,139,.750,.750,,.750,.643,.743,1.167,.000,160,137,,138,82,128,377,0,5.0,6.0,,plumlma01
454,Mason Plumlee,35,CHO,C,14,2,125,.750,.750,,.750,.667,.752,1.000,.000,160,137,,138,85,130,377,0,5.0,6.0,,plumlma01
454,Mason Plumlee,35,SAS,C,3,0,14,,,,,.500,.568,,,,,,,64,98,,,0.0,0.0,,plumlma01
455,Malevy Leons,26,GSW,SF,15,1,136,.421,.538,.167,.447,.750,.482,.211,.316,90,98,47,82,96,83,79,76,-7.3,-8.1,,leonsma01
456,Jeff Green,39,HOU,PF,25,0,134,.415,.588,.333,.528,1.000,.543,.057,.679,89,107,93,97,128,94,21,164,-1.6,-4.0,,greenje02
457,Miles Kelly,23,DAL,PG,14,0,134,.364,.545,.303,.477,1.000,.484,.023,.750,78,100,85,88,128,83,9,181,-5.8,-8.5,,kellymi02
458,Kevin McCullar Jr.,24,NYK,SF,19,0,127,.382,.412,.353,.471,.400,.470,.147,.500,82,75,99,87,51,81,55,120,-4.9,-8.0,,mcculke01
459,Bradley Beal,32,LAC,SG,6,6,121,.375,.379,.368,.448,.750,.476,.167,.396,80,69,103,82,96,82,63,95,-9.2,-10.7,,bealbr01
460,Amari Williams,24,BOS,PF,19,2,120,.471,.471,,.471,.667,.539,.706,.000,100,86,,87,85,93,266,0,-2.5,-1.8,,william01
461,Tyson Etienne,26,BRK,PG,13,0,120,.333,.000,.357,.500,.900,.547,.222,.933,71,0,100,92,115,94,84,225,-3.9,-3.3,,etienty01
462,E.J. Liddell,25,BRK,PF,15,0,116,.486,.733,.300,.571,.667,.578,.086,.571,104,134,84,105,85,100,32,138,2.0,-0.1,,liddeej01
463,LJ Cryer,24,GSW,PG,9,0,116,.442,.571,.417,.616,.909,.658,.256,.837,94,104,116,113,116,114,97,202,6.3,7.6,,cryerlj01
464,Dereck Lively II,21,DAL,C,7,4,115,.611,.611,,.611,.800,.670,.556,.000,130,112,,112,102,116,210,0,2.4,4.0,,livelde01
465,Yuki Kawamura,24,CHI,PG,10,0,114,.318,.333,.313,.432,1.000,.539,.409,.727,68,61,87,79,128,93,154,175,-4.9,-2.1,,kawamyu01
466,A.J. Lawson,25,TOR,SG,14,0,110,.390,.421,.364,.488,1.000,.545,.220,.537,83,77,102,90,128,94,83,129,-4.5,-3.1,,lawsoaj01
467,Bismack Biyombo,33,SAS,C,19,1,108,.667,.667,,.667,.800,.714,.556,.000,142,122,,123,102,123,210,0,2.2,3.0,,biyombi01
468,Adou Thiero,21,LAL,SF,19,0,104,.476,.500,.000,.476,.800,.551,.476,.048,102,91,0,88,102,95,180,11,-2.8,-1.4,,thierad01
469,Luke Travers,24,CLE,SG,12,0,103,.250,.400,.063,.264,1.000,.350,.250,.444,53,73,17,49,128,60,94,107,-20.1,-18.3,,travelu01
470,Alijah Martin,24,TOR,SG,16,0,102,.353,.450,.214,.397,.813,.487,.471,.412,75,82,60,73,104,84,178,99,-9.9,-7.6,,martial01
471,Nate Williams,26,GSW,SG,8,0,101,.447,.480,.385,.513,.889,.560,.237,.342,95,88,107,94,113,97,89,82,-2.3,-1.6,,willije02
472,Alondes Williams,26,WAS,SG,4,0,101,.615,.917,.357,.712,.875,.745,.308,.538,131,167,100,131,112,129,116,130,8.7,9.8,,willial06
473,MarJon Beauchamp,25,PHI,SF,6,0,99,.471,.600,.368,.574,.818,.618,.324,.559,100,110,103,106,104,107,122,135,2.1,3.0,,beaucma01
474,Chaney Johnson,23,BRK,SF,5,0,97,.500,.538,.444,.591,.643,.621,.636,.409,107,98,124,109,82,107,240,99,2.1,2.4,,johnsch06
475,Andersson Garcia,25,UTA,SF,3,1,97,.278,.444,.111,.306,1.000,.380,.222,.500,59,81,31,56,128,65,84,120,-8.6,-7.9,,garcian01
476,Javonte Cooke,26,POR,SG,19,0,94,.220,.333,.130,.256,1.000,.275,.049,.561,47,61,36,47,128,47,18,135,-23.5,-25.5,,cookeja01
477,Chris Boucher,33,BOS,PF,9,0,94,.320,.600,.133,.360,.750,.392,.160,.600,68,110,37,66,96,68,60,144,-9.2,-10.0,,bouchch01
478,Joe Ingles,38,MIN,SF,23,0,91,.444,.667,.333,.556,1.000,.607,.222,.667,95,122,93,102,128,105,84,161,0.2,0.5,,inglejo01
479,Kobe Bufkin,22,LAL,SG,11,1,90,.289,.444,.150,.329,1.000,.397,.211,.526,62,81,42,61,128,69,79,127,-16.3,-15.1,,bufkiko01
480,Johnny Juzang,24,MIN,SG,21,0,88,.421,.714,.250,.500,.625,.518,.211,.632,90,130,70,92,80,89,79,152,-3.3,-5.1,,juzanjo01
481,Tolu Smith,25,DET,PF,7,0,88,.476,.476,,.476,.722,.571,.857,.000,102,87,,88,92,98,323,0,-2.8,-0.5,,smithto05
482,Thanasis Antetokounmpo,33,MIL,SF,27,0,86,.526,.588,.000,.526,.600,.576,1.053,.105,112,107,0,97,77,99,397,25,-0.6,-0.2,,antetth01
483,Pacôme Dadiet,20,NYK,SG,23,0,86,.348,.375,.333,.457,1.000,.527,.261,.652,74,68,93,84,128,91,98,157,-4.0,-2.7,,dadiepa01
484,Kyle Lowry,39,PHI,PG,10,0,81,.231,,.231,.346,.833,.448,.462,1.000,49,,64,64,106,77,174,241,-5.1,-4.1,,lowryky01
485,Tyler Burton,25,MEM,SF,3,0,78,.167,.111,.200,.229,.667,.282,.250,.625,36,20,56,42,85,49,94,151,-15.1,-15.9,,burtoty01
486,Eric Gordon,37,PHI,SG,6,0,74,.571,.571,.571,.762,.500,.754,.095,.667,122,104,160,140,64,130,36,161,9.2,7.6,,gordoer01
487,Haywood Highsmith,29,PHO,SF,5,0,71,.500,.286,.636,.694,.833,.727,.333,.611,107,52,178,128,106,125,126,147,5.4,6.1,,highsha01
488,Bobi Klintman,22,DET,SF,11,0,69,.308,.308,.308,.385,.000,.366,.115,.500,66,56,86,71,0,63,44,120,-8.3,-11.7,,klintbo01
489,Jalen Slawson,26,IND,SF,3,1,69,.267,.400,.200,.333,.750,.388,.267,.667,57,73,56,61,96,67,101,161,-6.3,-6.4,,slawsja01
490,David Jones García,24,SAS,SF,11,0,68,.520,.500,.600,.580,.500,.579,.240,.200,111,91,168,107,64,100,91,48,1.8,0.0,,jonesda06
491,Isaiah Crawford,24,HOU,SF,11,0,67,.385,.600,.250,.462,.750,.508,.308,.615,82,110,70,85,96,88,116,148,-2.1,-2.1,,crawfis01
492,Kadary Richmond,24,WAS,SG,3,0,67,.625,.667,.500,.688,1.000,.722,.188,.250,133,122,140,127,128,125,71,60,4.6,4.9,,richmka01
493,Antonio Reeves,25,CHO,SG,9,0,66,.500,.429,.538,.675,,.675,.000,.650,107,78,150,124,,116,0,157,5.3,3.8,,reevean01
494,Bez Mbeng,22,UTA,SG,2,0,66,.300,.500,.000,.300,,.300,.000,.400,64,91,0,55,,52,0,96,-4.9,-5.6,,mbengbe01
495,Monte Morris,30,IND,PG,6,0,65,.350,.417,.250,.400,.500,.414,.200,.400,75,76,70,74,64,71,75,96,-5.7,-7.2,,morrimo01
496,Drew Peterson,26,CHO,PF,6,0,64,.125,.500,.000,.125,.500,.148,.125,.750,27,91,0,23,64,26,47,181,-13.4,-14.6,,peterdr01
497,Trey Jemison,26,NYK,C,11,0,61,.571,.571,,.571,1.000,.605,.143,.000,122,104,,105,128,104,54,0,0.4,0.4,,jemistr01
498,James Wiseman,24,IND,C,4,1,58,.600,.600,,.600,.500,.597,.200,.000,128,110,,110,64,103,75,0,1.1,0.4,,wisemja01
499,Patrick Baldwin Jr.,23,3TM,SF,7,0,58,.375,.429,.333,.469,.667,.510,.375,.563,80,78,93,86,85,88,142,135,-2.3,-2.6,,baldwpa01
499,Patrick Baldwin Jr.,23,LAC,SF,2,0,12,.750,1.000,.667,1.000,1.000,1.025,.500,.750,160,183,186,184,128,177,189,181,3.7,4.3,,baldwpa01
499,Patrick Baldwin Jr.,23,PHI,SF,1,0,2,,,,,,,,,,,,,,,,,0.0,0.0,,baldwpa01
499,Patrick Baldwin Jr.,23,SAC,SF,4,0,44,.250,.333,.167,.292,.500,.327,.333,.500,53,61,47,54,64,56,126,120,-6.0,-6.9,,baldwpa01
500,Caleb Houstan,23,ATL,SF,13,0,57,.467,.333,.500,.667,1.000,.705,.200,.800,100,61,140,123,128,122,75,193,3.7,4.1,,houstca01
501,Johni Broome,23,PHI,C,11,0,55,.167,.211,.000,.167,.333,.188,.250,.208,36,38,0,31,43,32,94,50,-18.1,-20.9,,broomjo01
502,Cody Martin,30,IND,SF,4,0,55,.200,.400,.000,.200,.500,.277,.600,.500,43,73,0,37,64,48,226,120,-6.9,-7.6,,martico01
503,Wendell Moore Jr.,24,DET,SG,5,0,54,.571,.667,.000,.571,1.000,.635,.286,.143,122,122,0,105,128,109,108,34,0.4,0.9,,moorewe01
504,Nikola Topić,20,OKC,PG,5,0,53,.438,.455,.400,.500,,.500,.000,.313,93,83,112,92,,86,0,75,-1.4,-2.5,,topicni01
505,TyTy Washington Jr.,24,LAC,PG,9,0,52,.571,.714,.429,.679,,.679,.000,.500,122,130,120,125,,117,0,120,3.8,2.8,,washity02
506,Seth Curry,35,GSW,SG,4,0,51,.588,.600,.571,.706,1.000,.737,.176,.412,125,110,160,130,128,127,67,99,5.5,5.8,,curryse01
507,Lawson Lovering,22,MEM,C,2,1,49,.600,.600,,.600,.400,.574,.500,.000,128,110,,110,51,99,189,0,1.1,-0.1,,loverla01
508,Keshon Gilbert,22,WAS,PG,3,0,48,.250,.500,.000,.250,1.000,.521,1.000,.500,53,91,0,46,128,90,377,120,-2.3,-0.7,,gilbeke01
509,Jahmir Young,25,MIA,PG,10,0,47,.350,.385,.286,.400,1.000,.416,.050,.350,75,70,80,74,128,72,19,84,-5.7,-6.7,,youngja05
510,John Poulakidas,22,DAL,SG,3,0,47,.385,.667,.300,.500,,.500,.000,.769,82,122,84,92,,86,0,185,-1.1,-2.1,,poulajo01
511,DeJon Jarreau,28,MEM,SG,2,0,47,.400,.571,.000,.400,.750,.468,.400,.300,85,104,0,74,96,81,151,72,-2.9,-2.6,,jarrede01
512,Mac McClung,27,2TM,SG,4,0,47,.360,.538,.167,.400,.750,.430,.160,.480,77,98,47,74,96,74,60,116,-7.2,-8.0,,mccluma01
512,Mac McClung,27,IND,SG,3,0,34,.389,.625,.200,.444,.750,.481,.222,.556,83,114,56,82,96,83,84,134,-3.6,-3.9,,mccluma01
512,Mac McClung,27,CHI,SG,1,0,13,.286,.400,.000,.286,,.286,.000,.286,61,73,0,53,,49,0,69,-3.6,-4.1,,mccluma01
513,Garrett Temple,39,TOR,SG,16,0,46,.125,.000,.167,.188,.667,.329,.750,.750,27,0,47,35,85,57,283,181,-5.7,-5.3,,templga01
514,Mo Bamba,27,2TM,C,4,0,44,.455,.455,,.455,,.455,.000,.000,97,83,,84,,78,0,0,-2.0,-2.7,,bambamo01
514,Mo Bamba,27,TOR,C,2,0,6,.000,.000,,.000,,.000,.000,.000,0,0,,0,,0,0,0,-2.2,-2.3,,bambamo01
514,Mo Bamba,27,UTA,C,2,0,38,.556,.556,,.556,,.556,.000,.000,118,101,,102,,96,0,0,0.2,-0.4,,bambamo01
515,Isaiah Stevens,25,SAC,PG,3,0,43,.429,.500,.000,.429,1.000,.571,.571,.143,91,91,0,79,128,98,216,34,-1.6,-0.2,,steveis01
516,Trey Alexander,22,NOP,SG,5,0,42,.667,.667,.667,.778,,.778,.000,.333,142,122,186,143,,134,0,80,4.2,3.6,,alexatr01
517,Dario Šarić,31,SAC,C,5,0,41,.167,.000,.333,.250,1.000,.363,.333,.500,36,0,93,46,128,63,126,120,-3.5,-3.0,,saricda01
518,Malachi Smith,26,BRK,SG,2,0,41,.273,.333,.000,.273,1.000,.306,.091,.182,58,61,0,50,128,53,34,44,-6.0,-6.3,,smithma02
519,Skal Labissière,29,WAS,PF,3,0,38,.600,1.000,.200,.650,,.650,.000,.500,128,183,56,120,,112,0,120,2.1,1.4,,labissk01
520,Charles Bassey,25,2TM,C,3,0,36,.444,.444,,.444,.333,.436,.333,.000,95,81,,82,43,75,126,0,-1.8,-3.0,,bassech01
520,Charles Bassey,25,MEM,C,2,0,31,.375,.375,,.375,.333,.376,.375,.000,80,68,,69,43,65,142,0,-2.7,-3.8,,bassech01
520,Charles Bassey,25,PHI,C,1,0,5,1.000,1.000,,1.000,,1.000,.000,.000,213,183,,184,,173,0,0,0.9,0.8,,bassech01
521,Grant Nelson,23,BRK,PF,4,0,35,.556,.556,,.556,.700,.634,1.111,.000,118,101,,102,89,109,419,0,0.2,1.5,,nelsogr02
522,Tristan Enaruna,24,CLE,SF,6,0,34,.375,.455,.200,.406,.000,.395,.063,.313,80,83,56,75,0,68,24,75,-4.4,-6.1,,enarutr01
523,Emanuel Miller,25,CHI,PF,5,0,33,.462,.571,.333,.538,.500,.540,.154,.462,98,104,93,99,64,93,58,111,-0.1,-1.1,,milleem01
524,Jahmyl Telfort,24,LAC,PF,8,0,32,.000,,.000,.000,.250,.087,1.000,1.000,0,,0,0,32,15,377,241,-4.3,-5.7,,telfoja01
525,Curtis Jones,24,DEN,SG,6,0,31,.286,.600,.111,.321,,.321,.000,.643,61,110,31,59,,55,0,155,-6.2,-7.2,,jonescu01
526,Hunter Sallis,22,PHI,SG,7,0,26,.600,.600,,.600,.500,.595,.400,.000,128,110,,110,64,103,151,0,0.6,0.2,,sallihu01
527,Mark Sears,23,MIL,PG,7,0,26,.462,.400,.500,.615,.750,.666,.615,.615,98,73,140,113,96,115,232,148,1.9,2.9,,searsma01
528,Chris Mañon,24,LAL,SG,6,0,25,.000,,.000,.000,1.000,.347,1.000,1.000,0,,0,0,128,60,377,241,-2.2,-1.3,,manonch01
529,Orlando Robinson,25,ORL,C,4,1,25,.600,.667,.500,.700,,.700,.000,.400,128,122,140,129,,121,0,96,1.6,1.2,,robinor01
530,Dalano Banton,26,2TM,PG,5,0,25,.444,.444,,.444,1.000,.506,.222,.000,95,81,,82,128,87,84,0,-1.7,-1.4,,bantoda01
530,Dalano Banton,26,LAC,PG,2,0,10,.750,.750,,.750,,.750,.000,.000,160,137,,138,,129,0,0,1.7,1.4,,bantoda01
530,Dalano Banton,26,BOS,PG,3,0,15,.200,.200,,.200,1.000,.340,.400,.000,43,37,,37,128,59,151,0,-3.4,-2.8,,bantoda01
531,Dillon Jones,24,NYK,SF,5,0,24,.200,.000,.333,.300,1.000,.518,.800,.600,43,0,93,55,128,89,302,144,-2.4,-0.8,,jonesdi01
532,Isaac Jones,25,2TM,PF,5,1,24,.600,1.000,.000,.600,.500,.595,.400,.400,128,183,0,110,64,103,151,96,0.5,0.2,,jonesis01
532,Isaac Jones,25,SAC,PF,3,1,17,.500,1.000,.000,.500,.500,.521,1.000,.500,107,183,0,92,64,90,377,120,-0.2,-0.3,,jonesis01
532,Isaac Jones,25,DET,PF,2,0,7,.667,1.000,.000,.667,,.667,.000,.333,142,183,0,123,,115,0,80,0.7,0.5,,jonesis01
533,Koby Brea,23,PHO,SG,5,0,23,.556,.500,.571,.778,1.000,.810,.222,.778,118,91,160,143,128,140,84,187,4.2,4.5,,breako01
534,Max Strus,29,CLE,SF,1,0,23,.778,.500,.857,1.111,1.000,1.115,.444,.778,166,91,239,205,128,192,168,187,10.2,11.5,,strusma01
535,Brandon Clarke,29,MEM,PF,2,2,20,.333,.333,,.333,.500,.372,.444,.000,71,61,,61,64,64,168,0,-3.8,-4.5,,clarkbr01
536,Taj Gibson,40,MEM,C,2,0,20,.286,.200,.500,.357,,.357,.000,.286,61,37,140,66,,62,0,69,-2.6,-3.1,,gibsota01
537,Riley Minix,25,2TM,SF,5,0,19,.667,1.000,.250,.722,,.722,.000,.444,142,183,70,133,,125,0,107,3.2,2.5,,minixri01
537,Riley Minix,25,SAS,SF,3,0,8,.667,1.000,.333,.750,,.750,.000,.500,142,183,93,138,,129,0,120,2.5,2.0,,minixri01
537,Riley Minix,25,CLE,SF,2,0,11,.667,1.000,.000,.667,,.667,.000,.333,142,183,0,123,,115,0,80,0.7,0.5,,minixri01
538,Harrison Ingram,23,SAS,SF,5,0,17,.800,.750,1.000,.900,,.900,.000,.200,171,137,279,166,,155,0,48,3.6,3.2,,ingraha01
539,Jacob Toppin,25,ATL,SF,5,0,17,.667,.667,,.667,,.667,.000,.000,142,122,,123,,115,0,0,1.5,1.0,,toppija01
540,Chris Livingston,22,CLE,SF,3,0,17,.571,1.000,.000,.571,1.000,.605,.143,.429,122,183,0,105,128,104,54,103,0.4,0.4,,livinch01
541,Rocco Zikarsky,19,MIN,C,4,0,16,.600,.600,,.600,,.600,.000,.000,128,110,,110,,104,0,0,0.6,0.2,,zikarro01
542,Buddy Boeheim,26,OKC,SF,4,0,15,.333,,.333,.500,,.500,.000,1.000,71,,93,92,,86,0,241,-0.5,-1.0,,boehebu01
543,N'Faly Dante,24,ATL,C,4,0,15,.250,.250,,.250,1.000,.338,.250,.000,53,46,,46,128,58,94,0,-2.3,-2.1,,nfalyda01
544,Omer Yurtseven,27,GSW,C,2,0,15,.000,.000,.000,.000,1.000,.258,.667,.333,0,0,0,0,128,44,252,80,-3.3,-2.5,,yurtsom01
545,Norchad Omier,24,LAC,PF,3,0,14,.800,1.000,.000,.800,,.800,.000,.200,171,183,0,147,,138,0,48,2.6,2.2,,omierno01
546,Chucky Hepburn,22,TOR,PG,2,0,13,.000,.000,.000,.000,,.000,.000,.833,0,0,0,0,,0,0,201,-6.5,-7.0,,hepbuch01
547,Vladislav Goldin,24,MIA,C,4,0,12,.667,.667,,.667,,.667,.000,.000,142,122,,123,,115,0,0,0.7,0.5,,goldivl01
548,David Roddy,24,DEN,PF,2,0,12,.000,,.000,.000,1.000,.258,.667,1.000,0,,0,0,128,44,252,241,-3.3,-2.5,,roddyda01
549,John Tonje,24,BOS,SG,3,0,11,.000,,.000,.000,1.000,.347,1.000,1.000,0,,0,0,128,60,377,241,-2.2,-1.3,,tonjejo01
550,Tyler Smith,21,DAL,PF,2,0,11,.167,1.000,.000,.167,.500,.218,.333,.833,36,183,0,31,64,38,126,201,-4.5,-5.0,,smithty02
551,Tosan Evbuomwan,24,NYK,SF,5,0,8,.000,.000,,.000,,.000,.000,.000,0,0,,0,,0,0,0,-1.1,-1.2,,evbuoto01
552,Enrique Freeman,25,MIN,PF,2,0,8,,,,,,,,,,,,,,,,,0.0,0.0,,freemen01
553,Stanley Umude,26,SAS,SG,2,0,7,.500,1.000,.000,.500,,.500,.000,.500,107,183,0,92,,86,0,120,-0.2,-0.3,,umudest01
554,Colby Jones,23,DET,SG,1,0,7,.333,1.000,.000,.333,,.333,.000,.667,71,183,0,61,,58,0,161,-1.3,-1.5,,jonesco02
555,Max Shulga,23,BOS,SG,4,0,6,.000,.000,,.000,,.000,.000,.000,0,0,,0,,0,0,0,-1.1,-1.2,,shulgma01
556,Noa Essengue,19,CHI,PF,2,0,6,.000,.000,.000,.000,,.000,.000,.667,0,0,0,0,,0,0,161,-3.3,-3.5,,essenno01
557,Trentyn Flowers,20,CHI,SF,2,0,6,.667,1.000,.000,.667,,.667,.000,.333,142,183,0,123,,115,0,80,0.7,0.5,,flowetr01
558,Sean Pedulla,23,LAC,PG,1,0,6,.500,,.500,.750,,.750,.000,1.000,107,,140,138,,129,0,241,1.7,1.4,,pedulse01
559,Trevor Keels,22,MIA,SG,4,0,5,.000,.000,.000,.000,,.000,.000,.750,0,0,0,0,,0,0,181,-4.3,-4.6,,keelstr01
560,Hunter Dickinson,25,NOP,C,1,0,5,.500,.500,,.500,,.500,.000,.000,107,91,,92,,86,0,0,-0.2,-0.3,,dickihu01
561,Darius Brown II,26,CLE,SG,1,0,3,.000,.000,,.000,,.000,.000,.000,0,0,,0,,0,0,0,-1.1,-1.2,,brownda04
562,Jayson Kent,23,POR,SF,1,0,3,1.000,1.000,,1.000,,1.000,.000,.000,213,183,,184,,173,0,0,0.9,0.8,,kentja01
,League Average,,,,,,,.469,.548,.358,.543,.783,.579,.265,.415,,,,,,,,,,,,-9999